CustomerID,Age,Gender,TenureMonths,MonthlyCharges,TotalCharges,SupportCalls,SatisfactionScore,ContractType,PaymentMethod,InternetUsageGB,AnnualIncome,Region,Churn
CUST100000,27.0,Male,29,63.58,,2,1,One Year,Net Banking,152.96,31172.97,South,0
CUST100001,36.0,Female,36,100.15,3496.65,3,4,One Year,Credit Card,118.13,67921.36,North,0
CUST100002,40.0,Male,14,77.08,1056.23,1,4,Month-to-Month,UPI,123.11,32261.85,East,0
CUST100003,23.0,Female,54,30.9,1533.91,1,4,One Year,Credit Card,105.23,93014.0,West,0
CUST100004,56.0,Male,55,59.27,3255.2,4,4,Month-to-Month,Debit Card,72.4,18000.0,East,0
CUST100005,51.0,Male,20,100.64,1958.38,4,5,One Year,Debit Card,119.61,,West,0
CUST100006,38.0,Female,44,92.63,4057.86,0,4,Month-to-Month,UPI,54.76,53432.77,South,0
CUST100007,18.0,Female,47,58.66,2825.41,2,1,Month-to-Month,Debit Card,47.57,50078.08,East,0
CUST100008,38.0,Male,16,64.54,1023.14,0,2,Two Year,UPI,59.45,31852.7,West,0
CUST100009,36.0,Female,11,96.86,1085.82,2,3,One Year,Net Banking,131.27,52168.48,East,0
CUST100010,43.0,Female,72,107.5,7744.79,2,2,Month-to-Month,Credit Card,80.8,34709.86,West,0
CUST100011,47.0,Female,15,43.31,661.67,0,2,One Year,Net Banking,30.07,51906.83,North,0
CUST100012,59.0,Male,19,61.48,1263.2,2,3,Two Year,Credit Card,111.44,18000.0,East,0
CUST100013,18.0,Female,14,,831.68,0,2,One Year,Credit Card,148.44,26592.14,South,0
CUST100014,46.0,,31,64.47,1966.88,3,2,Month-to-Month,Net Banking,110.68,27917.67,West,0
CUST100015,37.0,Female,10,114.92,1098.69,4,5,One Year,UPI,146.98,153296.47,East,1
CUST100016,18.0,Male,11,94.49,,4,3,Month-to-Month,Net Banking,93.84,58276.71,East,1
CUST100017,56.0,Male,37,76.3,2787.1,0,2,One Year,UPI,66.01,69132.53,West,0
CUST100018,,Female,25,119.32,3060.99,3,4,One Year,Credit Card,32.91,87000.77,East,0
CUST100019,29.0,Male,16,78.75,1114.26,2,5,Month-to-Month,Credit Card,74.75,80129.25,East,0
CUST100020,47.0,Female,35,50.16,1681.21,3,4,One Year,UPI,199.85,44577.25,West,0
CUST100021,47.0,Male,24,86.87,2028.36,0,5,Month-to-Month,Credit Card,65.58,42976.72,South,0
CUST100022,42.0,Female,27,56.89,1590.99,1,3,One Year,Credit Card,84.95,35192.44,South,0
CUST100023,43.0,Female,19,51.67,905.62,0,3,Month-to-Month,Net Banking,90.39,22885.41,South,0
CUST100024,34.0,Male,10,55.41,,2,5,Month-to-Month,Net Banking,69.22,66719.53,North,0
CUST100025,19.0,,24,56.59,1252.86,3,2,Month-to-Month,UPI,53.94,41253.09,South,0
CUST100026,39.0,Male,26,92.01,2469.39,5,2,Month-to-Month,Net Banking,48.49,40381.94,West,0
CUST100027,31.0,Male,59,78.38,4578.52,2,3,Month-to-Month,UPI,102.66,41382.62,West,0
CUST100028,,Female,17,121.82,2083.92,4,2,Month-to-Month,Credit Card,43.08,96662.23,North,0
CUST100029,36.0,Female,35,42.9,1558.49,2,3,One Year,UPI,145.78,70369.8,East,0
CUST100030,58.0,Female,15,79.37,1199.4,4,4,One Year,Debit Card,68.63,55388.87,West,0
CUST100031,38.0,Female,27,100.87,2531.08,3,1,Month-to-Month,UPI,138.92,67518.85,South,0
CUST100032,32.0,Female,39,20.0,690.78,2,2,Month-to-Month,UPI,41.8,18000.0,South,0
CUST100033,30.0,Female,32,83.99,2487.21,0,3,Two Year,Debit Card,68.4,48743.98,West,0
CUST100034,40.0,Female,58,77.11,4541.85,1,4,Month-to-Month,UPI,51.75,36022.57,West,0
CUST100035,35.0,Male,13,63.58,749.13,1,2,Month-to-Month,UPI,116.41,59299.45,East,1
CUST100036,52.0,Other,14,91.25,1233.78,3,3,Month-to-Month,Credit Card,34.1,21088.99,West,0
CUST100037,29.0,Female,5,59.16,350.79,1,3,Two Year,Credit Card,36.53,63058.32,West,0
CUST100038,37.0,Female,30,96.91,3056.59,3,4,One Year,UPI,73.08,68886.15,North,0
CUST100039,21.0,Male,67,77.24,5123.28,0,4,One Year,Debit Card,30.47,121425.72,West,0
CUST100040,46.0,Male,7,62.96,534.56,3,4,Month-to-Month,UPI,35.81,39731.28,West,0
CUST100041,39.0,Male,23,66.14,1532.69,0,3,Month-to-Month,Net Banking,10.77,64758.28,South,0
CUST100042,35.0,Female,60,77.45,4772.31,1,3,One Year,UPI,65.23,32597.56,North,0
CUST100043,28.0,Female,14,102.22,1312.42,1,2,Month-to-Month,Credit Card,44.5,24521.12,West,1
CUST100044,37.0,Female,25,69.55,1791.88,1,3,One Year,Net Banking,72.44,81655.87,North,0
CUST100045,24.0,Male,34,73.13,2457.11,2,4,Month-to-Month,Debit Card,47.93,36457.8,East,0
CUST100046,22.0,Female,9,98.77,934.07,4,3,Month-to-Month,UPI,414.37,51684.05,South,0
CUST100047,32.0,Female,2,82.81,141.1,2,3,Month-to-Month,UPI,42.0,34345.74,South,0
CUST100048,44.0,Female,39,37.95,1540.88,3,4,Two Year,UPI,43.76,35322.41,North,0
CUST100049,38.0,Male,22,47.31,1103.36,3,5,Month-to-Month,Debit Card,81.32,38604.52,West,0
CUST100050,39.0,Female,51,85.39,4411.93,2,4,Month-to-Month,Credit Card,79.19,30351.79,South,0
CUST100051,44.0,Female,56,69.16,3771.05,1,3,Month-to-Month,UPI,31.62,36164.24,West,0
CUST100052,36.0,Female,29,61.29,1730.36,3,4,One Year,Credit Card,105.14,47614.62,South,0
CUST100053,42.0,Male,72,71.9,5143.87,2,2,One Year,Debit Card,43.0,77744.23,East,0
CUST100054,45.0,Female,28,47.21,1354.47,2,4,Month-to-Month,Debit Card,33.95,80859.25,South,0
CUST100055,44.0,Female,21,63.82,1349.57,0,2,One Year,Credit Card,57.3,40372.65,South,0
CUST100056,50.0,Male,14,58.6,868.16,0,3,One Year,Net Banking,67.39,75041.35,East,0
CUST100057,49.0,Female,24,113.51,,1,4,Two Year,Credit Card,76.3,90452.13,North,0
CUST100058,42.0,Male,37,68.52,2537.14,0,1,Month-to-Month,Debit Card,135.35,54657.67,West,0
CUST100059,18.0,Female,10,59.28,713.94,3,2,Two Year,UPI,95.46,25696.55,West,0
CUST100060,19.0,Female,9,68.28,533.62,4,2,Month-to-Month,Credit Card,57.51,55236.42,East,1
CUST100061,23.0,Male,48,67.69,3327.0,3,2,Month-to-Month,UPI,65.71,62185.82,North,1
CUST100062,58.0,Female,25,103.54,2479.02,1,2,One Year,UPI,64.67,31313.91,North,0
CUST100063,44.0,Male,12,83.79,841.33,0,3,One Year,UPI,109.93,49471.45,South,0
CUST100064,32.0,Female,6,50.64,337.07,1,3,One Year,UPI,157.84,35858.08,West,0
CUST100065,24.0,Male,50,80.74,3988.43,2,3,Two Year,Credit Card,85.19,22070.83,North,0
CUST100066,38.0,Male,29,85.19,2380.35,1,2,Month-to-Month,UPI,78.72,66231.09,North,0
CUST100067,26.0,Female,43,78.06,3519.2,0,4,One Year,Debit Card,143.28,27244.62,West,0
CUST100068,41.0,Male,4,107.64,482.11,1,4,One Year,UPI,75.39,58893.72,West,0
CUST100069,49.0,Female,10,116.7,1200.62,2,2,Month-to-Month,UPI,80.01,32913.83,South,0
CUST100070,47.0,Other,32,74.98,2493.66,1,2,One Year,Credit Card,,38306.7,West,0
CUST100071,48.0,Male,40,42.38,1760.25,6,4,One Year,Credit Card,42.19,34515.74,East,0
CUST100072,50.0,Male,16,45.65,741.25,2,4,Two Year,UPI,163.4,44221.45,East,0
CUST100073,25.0,Male,27,70.77,1936.88,3,4,Month-to-Month,UPI,76.61,53348.49,East,0
CUST100074,18.0,Female,36,93.63,3415.64,1,4,Month-to-Month,UPI,49.29,62803.69,West,0
CUST100075,30.0,Female,24,85.48,2195.21,1,3,Month-to-Month,Credit Card,78.34,21630.44,North,0
CUST100076,49.0,Female,22,68.11,1355.73,1,5,One Year,Net Banking,64.92,52654.3,South,0
CUST100077,46.0,Male,31,83.82,2527.07,3,3,One Year,Credit Card,116.5,47604.72,South,0
CUST100078,30.0,Male,12,95.94,1177.89,4,1,Two Year,Debit Card,25.87,35454.78,East,1
CUST100079,56.0,Male,30,116.1,3401.46,1,3,Two Year,UPI,,35252.26,West,0
CUST100080,26.0,Male,17,58.62,1028.37,4,3,Two Year,UPI,87.42,68541.46,West,1
CUST100081,42.0,Male,25,65.48,1615.65,0,3,Two Year,Net Banking,91.35,60471.09,East,0
CUST100082,31.0,Female,16,69.04,1035.91,0,5,Month-to-Month,Debit Card,40.58,117640.53,East,0
CUST100083,,Male,9,90.72,919.94,1,1,Month-to-Month,Net Banking,80.1,28661.06,South,1
CUST100084,59.0,Female,5,77.73,450.71,0,3,Month-to-Month,UPI,28.6,38611.06,North,1
CUST100085,46.0,Female,67,44.82,3061.7,2,3,Month-to-Month,Credit Card,32.76,96863.02,South,1
CUST100086,,Female,22,66.08,1497.3,6,2,One Year,Debit Card,96.64,72902.04,North,0
CUST100087,49.0,Female,17,95.62,1524.95,0,3,One Year,Credit Card,23.69,56907.61,North,0
CUST100088,36.0,Male,62,43.19,2807.28,2,3,One Year,Debit Card,45.11,88363.04,East,0
CUST100089,34.0,Female,25,77.63,1934.61,3,4,Month-to-Month,UPI,74.72,,North,0
CUST100090,52.0,Male,52,106.89,5453.72,4,4,Month-to-Month,UPI,96.49,,North,1
CUST100091,48.0,Female,8,92.23,,3,3,One Year,Credit Card,107.23,51365.54,South,0
CUST100092,51.0,Male,8,111.7,784.58,0,4,One Year,Net Banking,44.65,57320.84,West,0
CUST100093,32.0,Other,13,65.59,820.75,3,3,Two Year,Credit Card,97.53,22621.05,South,0
CUST100094,40.0,Female,2,83.86,167.97,0,3,Month-to-Month,Debit Card,197.67,26138.48,West,0
CUST100095,26.0,Female,17,68.38,1200.54,0,3,Month-to-Month,Credit Card,104.01,87079.91,West,0
CUST100096,50.0,Male,18,,1334.97,3,4,Two Year,Debit Card,,36623.85,East,0
CUST100097,24.0,Female,9,90.78,893.05,1,1,One Year,UPI,144.16,18000.0,South,0
CUST100098,42.0,Female,25,33.69,827.38,2,3,Month-to-Month,Net Banking,30.17,30058.37,West,0
CUST100099,44.0,Female,25,81.35,2036.02,4,4,Month-to-Month,UPI,103.44,47483.03,West,0
CUST100100,42.0,Male,10,,557.8,4,4,Month-to-Month,Credit Card,,44926.61,East,0
CUST100101,37.0,Other,22,56.36,1247.24,2,3,One Year,UPI,,52406.63,North,0
CUST100102,39.0,Female,49,104.28,5161.68,1,2,One Year,Credit Card,86.76,48782.99,South,0
CUST100103,35.0,Female,20,71.85,1325.65,4,3,One Year,UPI,90.34,57814.23,South,0
CUST100104,37.0,Female,48,105.85,4978.63,1,4,Month-to-Month,UPI,87.35,58374.41,South,0
CUST100105,42.0,Male,30,31.91,1059.29,3,3,Two Year,Debit Card,43.81,37776.83,South,0
CUST100106,40.0,Male,9,65.04,505.59,1,3,Month-to-Month,Net Banking,56.07,37289.92,North,0
CUST100107,41.0,Male,12,37.72,589.05,2,4,Month-to-Month,UPI,68.83,81852.76,East,0
CUST100108,45.0,Male,15,72.39,1246.03,5,4,Month-to-Month,Credit Card,77.11,68637.54,West,0
CUST100109,52.0,Female,22,48.98,1051.22,2,5,Month-to-Month,UPI,80.06,79854.93,North,0
CUST100110,41.0,Male,19,89.3,1583.63,5,3,Month-to-Month,Credit Card,104.91,31787.89,East,0
CUST100111,19.0,Male,38,62.25,2256.58,2,3,Month-to-Month,Credit Card,48.13,58337.46,West,0
CUST100112,38.0,Male,7,55.15,324.97,2,4,Month-to-Month,UPI,107.79,80647.75,South,0
CUST100113,55.0,Male,13,92.02,1393.91,3,4,Two Year,Debit Card,22.47,34925.41,South,0
CUST100114,30.0,Female,17,71.5,1157.29,2,4,Month-to-Month,UPI,53.68,74020.57,East,0
CUST100115,46.0,Female,17,49.6,851.24,2,2,One Year,UPI,44.38,53494.96,West,0
CUST100116,28.0,Male,15,40.81,552.39,0,4,One Year,Debit Card,21.0,27662.29,South,0
CUST100117,61.0,Male,17,68.74,1133.06,2,3,Month-to-Month,UPI,74.51,69688.25,East,0
CUST100118,46.0,Female,17,58.69,1068.77,1,4,Month-to-Month,Credit Card,118.03,60712.37,East,0
CUST100119,43.0,Female,18,98.7,1810.87,2,3,Month-to-Month,Debit Card,65.96,44958.17,North,0
CUST100120,33.0,Female,24,81.87,1905.69,2,3,One Year,Net Banking,86.23,71254.25,North,0
CUST100121,23.0,Male,30,87.55,2706.09,0,5,Month-to-Month,Net Banking,,25802.03,East,0
CUST100122,36.0,Male,16,112.86,1719.03,0,4,One Year,Credit Card,49.83,30134.87,North,0
CUST100123,45.0,Male,39,47.92,1802.65,1,5,One Year,Debit Card,25.52,78953.97,South,0
CUST100124,41.0,Male,30,91.87,2588.29,2,4,Month-to-Month,Net Banking,43.24,40851.33,East,0
CUST100125,52.0,Female,35,41.37,1359.42,2,3,Month-to-Month,Net Banking,79.3,76402.19,West,0
CUST100126,51.0,Male,10,49.27,473.38,1,4,One Year,Credit Card,46.29,21886.39,East,0
CUST100127,36.0,Female,12,90.63,1175.45,3,3,Month-to-Month,UPI,130.65,36313.69,East,1
CUST100128,32.0,Male,15,99.5,1349.64,1,3,Month-to-Month,UPI,52.81,106894.0,East,1
CUST100129,35.0,Male,35,71.59,2514.59,2,3,Month-to-Month,Debit Card,31.49,52589.45,South,0
CUST100130,53.0,Female,38,78.99,3025.85,4,3,Two Year,UPI,54.24,66723.69,West,0
CUST100131,18.0,Male,40,57.44,2289.74,1,5,Month-to-Month,UPI,73.98,48521.82,West,0
CUST100132,43.0,Male,16,75.28,1249.57,1,3,One Year,UPI,122.9,46420.51,West,0
CUST100133,53.0,Female,72,57.58,,1,3,One Year,UPI,94.98,47476.59,South,0
CUST100134,41.0,Female,21,49.77,1118.17,2,1,Month-to-Month,Credit Card,61.25,60250.61,North,0
CUST100135,28.0,Female,4,98.01,511.56,0,5,Month-to-Month,Net Banking,81.46,32468.54,North,0
CUST100136,44.0,Male,42,28.74,1261.53,2,3,Month-to-Month,Credit Card,148.25,18000.0,East,0
CUST100137,36.0,Female,25,68.6,1606.93,2,4,Two Year,Debit Card,153.65,178738.23,North,0
CUST100138,26.0,Male,27,75.42,2211.36,2,3,Two Year,UPI,84.34,54647.93,North,0
CUST100139,46.0,Female,14,71.52,1079.52,1,4,Month-to-Month,Net Banking,116.01,28364.28,East,1
CUST100140,50.0,Female,15,78.1,1118.21,5,3,Month-to-Month,Net Banking,88.22,40220.07,South,0
CUST100141,29.0,Female,67,59.37,4040.53,2,5,Month-to-Month,Debit Card,86.3,18000.0,North,0
CUST100142,34.0,Male,22,69.17,1612.31,0,3,Two Year,UPI,18.79,45130.85,West,0
CUST100143,40.0,Female,72,37.08,2738.12,1,4,Month-to-Month,Credit Card,86.19,57364.62,South,0
CUST100144,49.0,Male,28,95.72,2660.47,1,1,Month-to-Month,Debit Card,58.47,27590.26,East,0
CUST100145,33.0,Male,19,96.93,1891.12,2,3,Month-to-Month,Debit Card,48.14,,West,1
CUST100146,22.0,Male,17,69.14,1032.86,3,3,Month-to-Month,Credit Card,33.68,71624.65,South,0
CUST100147,40.0,Male,24,72.26,1843.7,0,5,One Year,Credit Card,48.23,98492.29,South,0
CUST100148,51.0,Female,60,56.45,3367.67,3,3,Two Year,Credit Card,58.61,47614.79,South,0
CUST100149,40.0,Male,24,78.4,1798.44,3,4,One Year,Net Banking,51.97,59188.07,North,0
CUST100150,37.0,Female,18,20.0,420.26,1,3,One Year,UPI,,35440.24,East,0
CUST100151,54.0,,44,120.76,5437.33,0,5,Month-to-Month,Credit Card,47.79,24601.09,South,0
CUST100152,41.0,Male,7,80.34,546.27,1,5,Month-to-Month,Credit Card,92.89,49445.66,East,0
CUST100153,30.0,Male,67,84.12,5691.01,3,5,One Year,Net Banking,85.66,70875.48,West,0
CUST100154,37.0,Male,45,95.04,4298.07,2,3,One Year,Debit Card,210.46711963321383,76559.43,East,0
CUST100155,28.0,Male,33,90.41,3020.04,0,3,Month-to-Month,Credit Card,39.66,25416.35,North,0
CUST100156,29.0,Male,55,57.35,3357.86,3,2,Month-to-Month,Net Banking,298.12891307041,49407.49,South,0
CUST100157,30.0,Male,33,41.7,1322.41,3,4,Month-to-Month,UPI,76.45,62829.84,East,0
CUST100158,47.0,Male,9,52.38,651.92,2,5,Month-to-Month,Net Banking,121.4,81960.32,East,0
CUST100159,39.0,Male,21,43.91,903.92,2,2,Month-to-Month,UPI,70.68,41063.41,West,0
CUST100160,46.0,Female,11,81.51,855.56,4,2,Month-to-Month,UPI,64.15,44994.94,South,0
CUST100161,35.0,Male,8,58.76,368.94,1,4,Month-to-Month,UPI,122.18,47995.83,East,0
CUST100162,45.0,Male,36,86.19,3195.12,1,5,Two Year,Debit Card,66.39,52185.91,North,0
CUST100163,18.0,Male,51,,4336.42,1,2,Month-to-Month,Debit Card,47.25,22719.41,North,0
CUST100164,45.0,Female,64,20.0,1261.37,3,4,Two Year,UPI,59.09,69637.22,West,0
CUST100165,26.0,Female,7,206.92206861174478,505.03,0,3,Month-to-Month,UPI,86.27,69714.69,South,0
CUST100166,19.0,Male,11,90.44,1090.12,0,4,Month-to-Month,Debit Card,108.51,70025.88,East,0
CUST100167,38.0,Male,41,,2282.65,5,3,Month-to-Month,UPI,35.01,47949.93,East,0
CUST100168,22.0,Female,54,62.83,3357.1,0,3,Month-to-Month,Credit Card,,26865.89,North,0
CUST100169,45.0,Female,17,61.75,1095.74,4,3,Month-to-Month,Credit Card,20.79,62063.93,South,0
CUST100170,23.0,Male,4,64.45,247.42,2,2,Month-to-Month,Credit Card,60.76,69023.38,North,0
CUST100171,45.0,Female,28,145.0,4051.84,3,1,Two Year,Debit Card,101.86,34613.79,South,1
CUST100172,18.0,Male,18,61.13,943.66,2,2,Month-to-Month,UPI,43.11,87772.44,East,1
CUST100173,26.0,Male,34,233.4723519548751,2342.82,5,3,Month-to-Month,Net Banking,21.91,79449.65,South,0
CUST100174,61.0,Male,33,80.14,2740.41,1,3,Month-to-Month,UPI,110.76,146080.76,South,0
CUST100175,24.0,Female,36,83.78,3047.56,4,4,Month-to-Month,UPI,101.75,69935.4,East,0
CUST100176,19.0,Male,63,58.17,3820.32,3,5,Month-to-Month,Debit Card,101.04,21880.27,North,0
CUST100177,33.0,Male,27,123.32,3301.23,4,4,Two Year,UPI,47.88,52241.56,West,1
CUST100178,40.0,Male,7,88.14,684.55,0,4,Month-to-Month,Credit Card,171.11,28317.38,West,0
CUST100179,27.0,Female,27,72.53,1939.8,2,4,Month-to-Month,UPI,113.21,19288.15,West,0
CUST100180,,,12,57.45,796.83,2,4,Month-to-Month,UPI,27.73,57532.17,North,0
CUST100181,29.0,Female,28,76.21,2064.66,3,2,Month-to-Month,Credit Card,40.07,63264.44,West,0
CUST100182,72.0,Female,10,40.6,406.72,1,4,Month-to-Month,Net Banking,162.12,58325.53,East,0
CUST100183,36.0,Female,15,,1411.77,3,3,Month-to-Month,Net Banking,43.47,48152.96,South,0
CUST100184,20.0,Female,10,101.3,927.65,4,3,Month-to-Month,UPI,166.41,41773.82,West,1
CUST100185,22.0,Male,20,66.41,1222.45,1,3,Month-to-Month,UPI,28.29,81032.12,West,0
CUST100186,40.0,Female,48,101.83,4964.67,0,2,Month-to-Month,Credit Card,98.11,26076.09,South,0
CUST100187,46.0,,31,93.02,3038.66,4,1,Month-to-Month,Net Banking,53.45,63804.79,West,0
CUST100188,41.0,Female,40,68.29,2617.88,0,3,Month-to-Month,,296.74,31038.43,East,0
CUST100189,,Female,17,52.81,940.83,1,2,One Year,Debit Card,66.15,36260.17,South,0
CUST100190,23.0,Female,17,78.25,1422.67,1,3,Month-to-Month,UPI,18.96,19597.08,East,0
CUST100191,38.0,Female,13,89.1,1224.89,1,2,Month-to-Month,Debit Card,67.91,25914.67,North,0
CUST100192,46.0,Female,55,72.18,3940.06,3,4,Two Year,Net Banking,59.11,55459.77,East,0
CUST100193,38.0,Female,19,79.12,1514.53,1,5,One Year,Credit Card,167.29,63317.5,South,0
CUST100194,52.0,Male,18,81.26,1487.7,2,4,Month-to-Month,UPI,91.44,80713.56,North,0
CUST100195,35.0,Male,11,79.18,1011.86,0,2,One Year,UPI,124.04,112363.45,East,1
CUST100196,58.0,Female,33,47.87,1580.95,1,4,One Year,Credit Card,95.85,46091.32,South,0
CUST100197,18.0,Female,9,70.89,544.22,3,3,Month-to-Month,Debit Card,81.37,,West,0
CUST100198,40.0,Other,72,111.62,8117.98,4,4,One Year,Net Banking,45.35,28927.24,South,0
CUST100199,58.0,Male,15,87.03,1236.97,0,4,Two Year,Net Banking,88.29,145282.63,East,0
CUST100200,46.0,Male,12,77.4,909.04,2,3,Month-to-Month,Debit Card,64.7,61725.93,East,0
CUST100201,48.0,Male,23,73.28,1754.79,4,3,Month-to-Month,Debit Card,32.34,27452.63,East,0
CUST100202,40.0,Female,9,40.82,363.77,3,3,Two Year,Net Banking,234.94,39316.26,West,0
CUST100203,39.0,Female,12,76.83,869.55,0,2,One Year,Debit Card,91.43,34117.75,West,0
CUST100204,18.0,Male,12,113.35,1245.54,2,4,Month-to-Month,UPI,225.0,27184.63,West,0
CUST100205,64.0,Female,40,76.11,3047.65,1,3,Two Year,Debit Card,112.3,80670.44,South,0
CUST100206,,Female,4,105.05,461.19,2,3,One Year,UPI,27.39,58034.16,East,0
CUST100207,,Female,45,95.17,4408.85,2,3,Month-to-Month,Debit Card,19.44,39235.38,South,0
CUST100208,51.0,Female,17,49.05,678.42,2,5,Month-to-Month,UPI,42.39,23652.45,West,0
CUST100209,45.0,Male,3,56.43,247.95,0,3,One Year,UPI,258.93,75484.38,East,0
CUST100210,32.0,Male,17,118.24,2073.64,4,4,Month-to-Month,UPI,196.12,50834.62,West,1
CUST100211,22.0,Female,21,75.34,1435.72,3,3,Two Year,Credit Card,109.41,46097.97,South,0
CUST100212,59.0,Male,32,,1219.65,3,3,Month-to-Month,Debit Card,94.19,154070.04,South,1
CUST100213,34.0,Male,19,44.91,945.73,0,3,One Year,Credit Card,73.69,,North,0
CUST100214,30.0,Male,32,89.73,2938.9,1,3,Month-to-Month,Credit Card,49.23,33238.52,North,1
CUST100215,36.0,Male,36,106.3,,0,4,Month-to-Month,UPI,72.09,36285.43,East,1
CUST100216,46.0,Female,44,44.58,2008.38,2,2,Two Year,UPI,172.74,,North,0
CUST100217,47.0,Male,72,73.17,5273.36,5,3,Month-to-Month,Credit Card,98.8,52519.2,North,0
CUST100218,25.0,Female,7,94.18,630.92,2,4,One Year,UPI,70.28,,North,0
CUST100219,33.0,Other,16,122.36,1888.13,0,3,One Year,UPI,47.97,80252.64,South,0
CUST100220,43.0,Male,37,20.0,869.82,5,3,One Year,Net Banking,83.19,79910.49,South,0
CUST100221,42.0,Male,33,70.25,2377.76,3,4,One Year,Debit Card,52.11,28385.22,East,0
CUST100222,41.0,Female,54,66.69,3546.32,4,4,Month-to-Month,Debit Card,54.81,28505.41,South,0
CUST100223,37.0,Male,34,82.2,2735.3,1,5,Two Year,Debit Card,87.82,28491.27,West,0
CUST100224,46.0,Male,58,51.58,2958.65,3,3,Month-to-Month,Credit Card,55.89,68742.86,North,1
CUST100225,52.0,Female,14,93.56,1327.4,1,3,Month-to-Month,UPI,67.27,81503.65,West,1
CUST100226,36.0,Female,18,102.45,1777.39,2,3,Two Year,UPI,69.41,20529.93,East,0
CUST100227,34.0,Male,18,104.14,1875.1,3,3,Month-to-Month,UPI,77.27,69747.98,West,0
CUST100228,18.0,Female,72,144.87,10604.41,2,4,One Year,UPI,116.66,42888.55,North,0
CUST100229,19.0,Male,29,95.89,2935.6,2,5,Month-to-Month,Debit Card,44.11,74508.95,East,0
CUST100230,51.0,Other,72,68.99,4967.88,2,3,Month-to-Month,UPI,44.68,45932.4,West,0
CUST100231,45.0,Male,6,78.09,398.84,3,4,One Year,Credit Card,41.84,,South,0
CUST100232,19.0,Female,36,58.92,2307.56,2,5,Month-to-Month,Debit Card,65.73,70293.78,North,0
CUST100233,46.0,Female,13,75.58,984.56,1,2,Month-to-Month,UPI,18.53,,South,0
CUST100234,44.0,Female,27,55.68,1308.82,1,2,One Year,UPI,29.23,35926.93,West,1
CUST100235,51.0,Female,13,77.73,1108.08,0,5,Month-to-Month,Net Banking,70.47,52124.86,North,0
CUST100236,32.0,,46,110.7,4921.38,6,4,Month-to-Month,UPI,24.14,52222.29,North,0
CUST100237,,Male,38,65.65,2423.17,4,3,Month-to-Month,Debit Card,87.73,31046.37,North,0
CUST100238,41.0,Male,22,70.98,1590.07,0,2,Two Year,Debit Card,47.6,45737.98,North,1
CUST100239,68.0,Female,25,68.27,1632.18,0,3,Month-to-Month,Net Banking,106.86,42148.82,South,0
CUST100240,41.0,Female,15,79.79,1176.03,3,1,Month-to-Month,UPI,97.69,73493.05,West,1
CUST100241,47.0,Male,32,65.63,2124.19,3,4,Month-to-Month,Credit Card,53.95,28042.48,East,0
CUST100242,43.0,Male,7,76.06,560.88,3,4,Two Year,UPI,24.48,73383.12,West,0
CUST100243,38.0,Male,4,86.06,319.98,2,3,Month-to-Month,Credit Card,57.46,53554.19,North,0
CUST100244,39.0,,10,55.44,627.56,3,3,Month-to-Month,Credit Card,16.67,70755.23,East,0
CUST100245,32.0,Male,72,52.86,3680.13,1,4,Two Year,Net Banking,100.8,20784.44,West,0
CUST100246,30.0,Male,56,101.35,5692.11,1,2,Month-to-Month,Credit Card,61.11,124041.58,West,1
CUST100247,28.0,Female,53,49.33,2565.66,3,2,Month-to-Month,UPI,188.09,92352.74,West,0
CUST100248,23.0,Male,30,22.76,680.61,3,5,One Year,Credit Card,233.3,33787.24,South,0
CUST100249,45.0,Male,41,84.38,3388.6,1,2,Two Year,Credit Card,144.34,56315.02,South,0
CUST100250,37.0,Female,10,62.3,588.35,2,4,One Year,Debit Card,42.89,23317.97,East,0
CUST100251,34.0,Male,7,59.04,301.77,1,3,One Year,Credit Card,129.75,74150.13,West,0
CUST100252,50.0,Female,17,37.79,618.93,3,4,Month-to-Month,Net Banking,97.35,75118.89,South,0
CUST100253,42.0,Female,18,107.57,2092.74,1,4,Month-to-Month,Debit Card,31.57,25116.48,North,0
CUST100254,47.0,Female,25,96.97,2320.94,0,4,Month-to-Month,Net Banking,106.76,69247.35,North,0
CUST100255,54.0,Male,31,80.33,2666.73,2,4,Month-to-Month,UPI,74.17,24776.35,North,0
CUST100256,40.0,Male,37,34.08,1256.69,2,1,Month-to-Month,Debit Card,126.46,19363.06,South,0
CUST100257,33.0,Male,44,40.71,1710.5,1,4,Two Year,,65.53,49054.13,West,0
CUST100258,42.0,Female,41,57.09,2384.74,2,4,Month-to-Month,Credit Card,110.96,30293.38,North,0
CUST100259,40.0,Male,13,43.04,514.34,4,4,Two Year,Debit Card,115.06,66114.0,East,0
CUST100260,49.0,Male,13,64.47,881.29,6,2,Month-to-Month,Credit Card,119.26,103173.89,West,0
CUST100261,26.0,Male,28,238.27550320426639,1939.84,3,4,Two Year,Net Banking,122.6,25213.69,North,0
CUST100262,41.0,Male,19,89.5,1705.97,5,4,Month-to-Month,UPI,101.17,23110.93,South,0
CUST100263,40.0,Female,11,97.64,1051.87,6,3,Two Year,Credit Card,39.2,24125.77,South,0
CUST100264,37.0,Female,27,57.33,,0,5,Month-to-Month,Net Banking,48.16,64994.69,South,0
CUST100265,37.0,Female,13,64.04,872.07,1,4,One Year,Debit Card,26.33,,North,0
CUST100266,55.0,Male,10,80.71,802.78,4,4,Month-to-Month,UPI,73.3,30140.68,South,0
CUST100267,38.0,Male,28,86.68,2494.15,4,4,Two Year,UPI,78.91,82073.84,South,0
CUST100268,48.0,Male,29,89.89,2716.53,2,2,One Year,Net Banking,66.57,39634.72,North,0
CUST100269,51.0,Male,28,107.87,3010.11,0,4,Two Year,UPI,58.53,90276.95,East,0
CUST100270,24.0,Male,72,92.86,6738.66,1,4,One Year,UPI,63.73,51592.49,North,0
CUST100271,34.0,Female,44,90.98,4010.24,2,3,Month-to-Month,Debit Card,97.83,61780.0,North,0
CUST100272,41.0,Female,31,46.16,1316.44,4,4,Month-to-Month,UPI,86.44,56273.82,West,0
CUST100273,43.0,Male,15,79.13,1216.01,1,4,Month-to-Month,Net Banking,33.57,46646.64,East,0
CUST100274,39.0,Female,13,120.2,1506.95,2,3,One Year,Debit Card,,36210.89,South,0
CUST100275,43.0,Female,25,66.78,1813.98,2,1,Month-to-Month,Net Banking,,31446.64,West,1
CUST100276,42.0,Male,15,86.15,1424.53,4,3,Two Year,Debit Card,66.83,65677.52,South,0
CUST100277,27.0,Female,43,83.15,3639.35,1,3,Month-to-Month,UPI,57.6,,North,0
CUST100278,61.0,Male,9,88.96,689.42,2,2,Month-to-Month,Credit Card,51.17,53849.15,North,1
CUST100279,31.0,Male,48,86.61,4191.46,1,1,One Year,Credit Card,,60958.3,East,0
CUST100280,52.0,Female,28,80.22,2390.29,0,4,One Year,Credit Card,,22722.01,South,0
CUST100281,28.0,Male,21,79.12,1663.96,0,3,One Year,UPI,74.9,,West,0
CUST100282,57.0,Female,17,,,1,3,Month-to-Month,Credit Card,349.71053043897075,47061.65,South,0
CUST100283,25.0,Male,15,55.26,796.35,6,3,One Year,Debit Card,80.75,18455.84,East,0
CUST100284,42.0,Female,17,58.46,973.32,2,4,Month-to-Month,,145.2,62251.69,North,0
CUST100285,48.0,Male,43,48.91,1978.28,2,5,Month-to-Month,UPI,63.7,67228.08,South,0
CUST100286,20.0,Male,3,99.24,310.5,1,2,Month-to-Month,Net Banking,42.77,26715.5,East,0
CUST100287,22.0,Female,32,70.54,2366.71,1,3,Month-to-Month,Debit Card,151.25,22846.57,South,0
CUST100288,30.0,Male,18,83.96,,2,2,Month-to-Month,Credit Card,78.59,24285.81,South,0
CUST100289,60.0,Male,27,66.64,1790.13,2,3,Month-to-Month,UPI,101.99,75033.18,North,0
CUST100290,33.0,Male,2,103.49,345.55,1,4,Month-to-Month,Net Banking,75.9,108257.7,South,1
CUST100291,45.0,Female,39,44.77,1692.33,2,4,Month-to-Month,Credit Card,132.11,26223.09,North,0
CUST100292,50.0,Male,72,70.3,5090.91,3,3,Two Year,Debit Card,43.19,45974.53,South,0
CUST100293,39.0,Female,37,29.54,1053.76,1,2,One Year,UPI,89.03,40653.76,East,0
CUST100294,27.0,Male,8,65.47,476.19,2,2,Month-to-Month,Net Banking,66.52,74027.42,North,0
CUST100295,37.0,Female,42,59.32,2587.49,2,4,Month-to-Month,UPI,53.98,49015.42,North,0
CUST100296,21.0,Female,12,61.83,816.76,2,3,Month-to-Month,Credit Card,31.63,80636.51,East,0
CUST100297,29.0,Male,22,54.07,1170.43,2,5,Month-to-Month,UPI,85.66,41038.35,South,0
CUST100298,35.0,Male,11,81.36,1100.2,2,5,Month-to-Month,UPI,54.91,51093.91,South,0
CUST100299,47.0,Male,44,43.21,1930.24,1,5,Month-to-Month,Debit Card,31.25,32315.31,North,0
CUST100300,35.0,Male,25,51.96,1265.66,4,3,Month-to-Month,Credit Card,53.98,68826.34,East,0
CUST100301,42.0,Female,34,39.95,1332.55,2,4,Month-to-Month,UPI,56.98,112034.65,West,0
CUST100302,50.0,Male,28,104.07,2940.06,1,3,One Year,UPI,146.96,88729.55,North,0
CUST100303,37.0,Male,8,77.52,553.98,5,3,One Year,Net Banking,85.09,36186.01,West,0
CUST100304,32.0,Female,18,94.34,1877.65,1,3,One Year,Credit Card,127.95,21343.09,East,0
CUST100305,,Male,11,,802.43,2,5,Month-to-Month,UPI,81.4,82772.15,South,0
CUST100306,36.0,Female,23,79.06,1789.21,2,3,One Year,Debit Card,58.53,130851.01,South,0
CUST100307,23.0,Male,38,62.71,2433.04,6,2,Month-to-Month,Credit Card,43.55,39094.27,West,1
CUST100308,43.0,Male,45,106.66,4739.47,5,5,Month-to-Month,Net Banking,37.57,65379.75,West,0
CUST100309,43.0,Male,16,38.31,687.54,1,4,Month-to-Month,Credit Card,21.52,53047.46,West,0
CUST100310,35.0,Male,24,66.85,1745.08,4,2,Two Year,UPI,30.58,70750.33,North,0
CUST100311,29.0,Male,20,58.61,1050.4,4,4,Month-to-Month,Debit Card,33.08,70676.93,South,0
CUST100312,40.0,Male,42,47.66,1974.72,1,2,Two Year,Net Banking,,90533.59,South,0
CUST100313,36.0,Female,33,85.51,2871.98,2,4,Month-to-Month,UPI,33.54,46937.92,South,0
CUST100314,39.0,Male,29,82.2,2324.36,2,3,Month-to-Month,Net Banking,45.71,92192.33,North,0
CUST100315,75.0,Male,17,54.56,794.36,0,5,One Year,Debit Card,53.24,64561.96,South,0
CUST100316,18.0,Female,8,27.53,224.28,1,4,Month-to-Month,Credit Card,36.41,25361.17,North,0
CUST100317,46.0,Female,15,63.37,773.66,5,5,One Year,UPI,89.28,40824.45,East,0
CUST100318,40.0,Male,30,47.14,1266.36,5,5,Month-to-Month,UPI,121.98,46722.76,South,0
CUST100319,42.0,Female,15,78.54,1283.85,0,2,Two Year,Net Banking,61.93,98868.16,East,0
CUST100320,42.0,Female,35,39.73,1400.14,2,3,Month-to-Month,Credit Card,59.58,69056.42,East,0
CUST100321,45.0,Male,10,65.39,665.16,3,3,One Year,Net Banking,171.79,45845.33,West,0
CUST100322,18.0,Female,45,78.87,3612.83,1,2,Two Year,Credit Card,85.36,57661.7,West,0
CUST100323,21.0,Male,20,54.95,1106.02,1,3,Month-to-Month,Net Banking,54.88,66282.2,West,0
CUST100324,29.0,Male,19,84.5,1665.01,2,2,Month-to-Month,Net Banking,75.04,77906.56,West,1
CUST100325,29.0,,23,58.39,1477.1,2,4,Month-to-Month,Credit Card,64.66,99826.15,North,0
CUST100326,32.0,Female,6,59.39,396.0,3,3,One Year,Debit Card,92.58,52674.03,South,1
CUST100327,30.0,Male,16,96.42,1595.83,3,2,Month-to-Month,UPI,63.3,130607.57,South,1
CUST100328,18.0,Male,16,72.55,1302.37,1,4,Month-to-Month,Debit Card,87.89,56485.12,South,1
CUST100329,24.0,Female,40,73.77,3024.97,1,5,One Year,Credit Card,116.33,44422.06,North,0
CUST100330,18.0,Female,7,32.14,112.41,1,4,Two Year,UPI,112.08,67878.83,North,0
CUST100331,36.0,Female,5,81.97,476.34,2,3,Month-to-Month,UPI,122.93,41758.36,West,0
CUST100332,42.0,Female,4,58.34,77.29,3,2,Two Year,Net Banking,90.41,50989.74,South,0
CUST100333,43.0,Female,36,30.32,1006.24,1,3,One Year,Net Banking,62.63,42339.03,West,0
CUST100334,22.0,Female,24,69.86,1697.62,2,4,Month-to-Month,Net Banking,119.14,,South,0
CUST100335,45.0,Female,25,84.32,2124.98,2,4,Month-to-Month,UPI,79.89,45018.89,North,0
CUST100336,35.0,Female,18,71.3,1381.37,2,3,Two Year,Net Banking,97.53,32693.89,South,0
CUST100337,48.0,Female,20,34.31,645.78,2,3,Month-to-Month,Debit Card,53.13,85808.83,West,0
CUST100338,38.0,Male,66,48.49,3253.12,4,4,Two Year,Net Banking,38.48,63252.22,South,0
CUST100339,40.0,Female,72,90.34,6508.88,6,3,Month-to-Month,UPI,107.46,57510.21,East,0
CUST100340,53.0,Other,17,102.17,1843.71,4,1,Month-to-Month,Debit Card,513.2827001163223,69670.3,West,0
CUST100341,24.0,Female,15,54.84,815.21,1,4,Two Year,UPI,21.07,28626.32,West,0
CUST100342,19.0,Other,3,37.41,167.17,3,3,Month-to-Month,UPI,45.84,34494.79,North,1
CUST100343,23.0,Male,17,136.28,2236.4,3,3,One Year,UPI,118.53,25854.84,West,0
CUST100344,36.0,Male,5,65.58,164.98,0,3,Month-to-Month,Net Banking,166.88,30011.23,South,0
CUST100345,24.0,Female,6,69.92,,2,4,Month-to-Month,Net Banking,56.11,44207.59,West,0
CUST100346,18.0,Female,34,85.68,2867.58,2,3,Month-to-Month,Debit Card,37.87,31198.27,South,0
CUST100347,18.0,Male,29,56.23,1609.1,1,3,Month-to-Month,Debit Card,131.74,35666.21,North,0
CUST100348,28.0,Female,9,72.93,625.28,3,3,Month-to-Month,Debit Card,173.96,90637.38,North,0
CUST100349,38.0,Male,10,28.35,,0,5,Two Year,UPI,47.12,19214.96,East,0
CUST100350,44.0,Male,25,88.57,2183.41,4,5,Month-to-Month,UPI,36.74,39926.66,North,0
CUST100351,29.0,Male,11,62.53,822.55,3,2,One Year,Credit Card,31.12,29777.56,East,0
CUST100352,49.0,Female,17,69.6,1195.73,5,4,Month-to-Month,UPI,137.56,48169.52,North,0
CUST100353,27.0,Male,72,91.91,6579.73,0,3,Month-to-Month,Credit Card,41.2,55698.93,East,0
CUST100354,52.0,Female,17,96.25,1536.01,3,2,Month-to-Month,UPI,47.07,43354.41,South,1
CUST100355,47.0,Male,19,84.66,1631.05,0,3,Month-to-Month,Net Banking,115.48,95438.17,North,0
CUST100356,41.0,Female,15,93.21,1572.32,2,4,Month-to-Month,Debit Card,57.87,99318.94,West,0
CUST100357,49.0,Male,19,52.13,837.64,1,4,Month-to-Month,Credit Card,95.99,,North,0
CUST100358,59.0,Female,34,82.24,2790.31,1,4,Month-to-Month,Net Banking,77.37,38187.66,North,0
CUST100359,21.0,Female,56,79.89,4447.03,0,4,Month-to-Month,Net Banking,48.05,47066.9,South,0
CUST100360,50.0,Male,14,82.22,1181.93,3,3,Month-to-Month,Debit Card,64.01,46785.22,East,1
CUST100361,60.0,Female,22,55.13,1346.19,3,2,Month-to-Month,Credit Card,42.75,23378.39,West,1
CUST100362,45.0,Male,31,85.49,2804.65,1,3,Month-to-Month,Debit Card,79.99,38989.67,North,1
CUST100363,29.0,Male,6,49.16,255.75,1,2,Month-to-Month,Credit Card,77.92,47382.89,North,0
CUST100364,32.0,Male,10,120.67,1219.3,3,2,Month-to-Month,Credit Card,38.4,42161.88,South,1
CUST100365,56.0,Male,13,62.92,,2,4,Two Year,Credit Card,28.48,67958.72,West,0
CUST100366,35.0,Female,29,31.49,979.98,2,4,Month-to-Month,UPI,40.51,33346.82,East,0
CUST100367,34.0,Female,9,74.17,685.65,1,3,Month-to-Month,Net Banking,43.47,85803.47,South,0
CUST100368,43.0,Male,26,76.17,1890.7,2,2,Month-to-Month,Credit Card,76.67,30699.92,North,0
CUST100369,18.0,Female,25,128.44,3206.68,1,5,Month-to-Month,UPI,117.0,25105.83,South,1
CUST100370,45.0,Male,19,85.83,1555.94,2,3,Two Year,UPI,59.09,174052.67,East,0
CUST100371,18.0,Male,28,39.06,974.58,5,4,Two Year,UPI,81.47,18000.0,South,0
CUST100372,65.0,Female,20,85.22,1726.65,4,3,Month-to-Month,UPI,150.16,34538.83,North,1
CUST100373,40.0,Female,16,92.91,1528.64,1,2,Month-to-Month,Debit Card,,51811.26,West,1
CUST100374,53.0,Male,18,78.97,1550.35,2,3,Two Year,UPI,147.41,55627.17,West,0
CUST100375,52.0,Female,21,69.58,1500.44,4,3,Month-to-Month,UPI,118.67,76444.22,South,0
CUST100376,31.0,Male,37,77.15,2962.75,0,3,Month-to-Month,UPI,47.12,52928.54,West,0
CUST100377,43.0,Male,11,85.47,885.75,2,2,Two Year,Debit Card,45.89,35323.8,East,1
CUST100378,37.0,Male,40,96.16,3896.93,1,3,Two Year,Credit Card,66.16,63980.93,West,0
CUST100379,44.0,Female,17,80.73,1392.45,3,4,Month-to-Month,Net Banking,124.31,,South,1
CUST100380,,Male,64,29.8,1948.22,2,3,One Year,Net Banking,85.86,61188.64,West,0
CUST100381,50.0,Male,27,59.11,1613.23,5,3,Month-to-Month,Credit Card,13.29,,West,1
CUST100382,40.0,Male,29,82.05,2415.65,3,4,Month-to-Month,UPI,40.78,71152.83,North,0
CUST100383,49.0,Male,40,95.78,3827.45,2,3,Month-to-Month,Net Banking,161.51,91515.59,East,0
CUST100384,43.0,Female,25,47.53,1319.17,1,3,Two Year,Credit Card,112.48,29679.77,West,0
CUST100385,40.0,Female,33,89.61,3106.67,1,4,Two Year,,78.75,32527.03,North,0
CUST100386,35.0,Female,48,97.25,4630.64,3,3,One Year,Net Banking,228.49,42028.84,South,0
CUST100387,36.0,Female,12,77.15,819.94,3,5,Month-to-Month,Net Banking,66.68,37578.09,South,0
CUST100388,37.0,Female,67,68.95,4587.16,1,2,Month-to-Month,Net Banking,29.54,27411.84,North,0
CUST100389,50.0,Male,4,72.27,350.19,3,3,Two Year,Net Banking,57.3,112563.41,West,0
CUST100390,39.0,Female,6,86.56,639.83,1,3,Month-to-Month,UPI,96.11,,East,1
CUST100391,34.0,Female,30,82.6,2473.65,1,2,One Year,Net Banking,39.88,105143.64,East,0
CUST100392,35.0,Male,9,97.73,888.23,2,2,Month-to-Month,Credit Card,73.82,71446.7,South,1
CUST100393,,Male,22,68.25,1497.83,2,4,Month-to-Month,UPI,60.9,27495.2,South,0
CUST100394,45.0,Female,40,60.23,2528.53,1,3,One Year,UPI,68.73,78619.76,West,0
CUST100395,56.0,Male,48,88.6,4238.94,1,4,One Year,Net Banking,61.4,37993.11,South,0
CUST100396,25.0,Female,15,85.99,1346.93,0,3,Month-to-Month,UPI,59.1,41734.52,East,0
CUST100397,21.0,Male,61,46.36,2866.88,1,4,Month-to-Month,Credit Card,,59677.57,West,0
CUST100398,47.0,Male,13,49.01,844.68,2,5,Two Year,Credit Card,150.08,61839.57,West,0
CUST100399,31.0,Male,15,68.73,1039.14,1,1,Month-to-Month,Net Banking,70.78,90046.43,South,0
CUST100400,22.0,Female,46,48.57,2316.02,5,4,Month-to-Month,Net Banking,54.85,83759.76,West,0
CUST100401,46.0,Female,21,74.28,1575.33,3,5,Month-to-Month,Debit Card,80.26,67622.89,North,0
CUST100402,51.0,Female,21,89.03,1856.93,3,3,Month-to-Month,Credit Card,70.57,49574.72,South,0
CUST100403,40.0,Male,8,57.74,613.75,3,2,Month-to-Month,,61.18,37582.06,North,1
CUST100404,30.0,Male,23,68.76,1561.54,0,3,Month-to-Month,Credit Card,42.98,65438.88,West,0
CUST100405,41.0,Female,29,52.46,1614.24,1,3,One Year,UPI,,42367.86,West,1
CUST100406,47.0,Other,11,37.6,408.64,2,2,Month-to-Month,UPI,50.09,38567.42,West,0
CUST100407,22.0,,24,91.55,2318.1,0,3,Month-to-Month,Credit Card,23.82,46083.93,South,0
CUST100408,30.0,Female,72,60.15,4226.82,1,3,Month-to-Month,Net Banking,45.35,48422.05,West,0
CUST100409,53.0,Other,72,53.58,3944.79,1,5,Month-to-Month,Net Banking,19.34,52390.04,North,0
CUST100410,53.0,Female,27,45.69,1225.24,3,4,Two Year,UPI,132.96,28610.68,West,0
CUST100411,21.0,Female,17,64.38,1151.73,2,3,Month-to-Month,Net Banking,38.83,41421.29,West,0
CUST100412,35.0,Male,31,46.2,1567.57,0,3,Month-to-Month,Credit Card,185.59,24115.14,East,1
CUST100413,50.0,Female,72,61.99,,2,3,Month-to-Month,Debit Card,102.54,36180.02,South,0
CUST100414,55.0,Female,37,75.8,2822.25,3,2,One Year,Credit Card,74.44,31261.26,North,0
CUST100415,55.0,Male,23,60.39,1409.59,1,3,Month-to-Month,UPI,110.78,33654.11,East,0
CUST100416,50.0,Female,38,56.69,2082.14,4,3,One Year,Debit Card,188.75,,North,0
CUST100417,46.0,Female,44,20.0,712.35,3,3,Month-to-Month,Credit Card,79.11,94682.82,South,0
CUST100418,33.0,Female,21,49.71,1111.31,4,2,Month-to-Month,UPI,,51049.94,West,1
CUST100419,59.0,Male,2,77.04,95.08,5,4,One Year,UPI,53.66,57830.52,South,0
CUST100420,50.0,Female,72,91.84,6554.48,5,4,One Year,Net Banking,69.37,32881.17,South,0
CUST100421,34.0,Female,56,87.77,5010.51,3,5,Two Year,Net Banking,41.08,69377.29,South,0
CUST100422,42.0,Male,49,81.4,3909.88,0,4,One Year,Debit Card,29.52,161067.85,West,0
CUST100423,32.0,Male,17,69.76,1278.54,1,5,Month-to-Month,UPI,51.72,31426.09,East,0
CUST100424,36.0,Female,15,81.52,1273.06,3,2,One Year,Credit Card,99.46,39281.66,South,0
CUST100425,46.0,Female,9,42.8,377.98,1,3,Month-to-Month,UPI,62.94,24357.78,North,0
CUST100426,39.0,Other,7,82.31,549.27,1,1,Month-to-Month,UPI,77.45,51417.64,North,1
CUST100427,21.0,Male,11,69.48,667.7,0,5,Month-to-Month,Debit Card,31.07,47502.68,West,0
CUST100428,23.0,Male,19,104.58,2038.15,1,4,One Year,Credit Card,22.32,30365.02,North,0
CUST100429,58.0,Male,35,75.34,2644.17,4,4,Two Year,Debit Card,28.53,228608.78,West,0
CUST100430,44.0,Male,27,70.44,1803.78,2,4,Month-to-Month,Credit Card,41.84,18000.0,North,0
CUST100431,22.0,Female,23,64.03,1603.3,1,4,Two Year,UPI,84.61,80533.77,West,1
CUST100432,48.0,Male,17,102.94,1859.89,4,2,Month-to-Month,Net Banking,69.56,85544.56,South,1
CUST100433,51.0,Male,14,40.94,572.02,3,4,One Year,Credit Card,111.89,131268.42,West,0
CUST100434,53.0,Female,34,80.39,2691.46,4,2,Month-to-Month,Net Banking,43.6,126663.11,East,0
CUST100435,53.0,Male,63,57.9,3674.73,1,2,One Year,UPI,64.38,47493.73,East,0
CUST100436,40.0,Male,23,59.58,1394.35,1,4,Two Year,Net Banking,98.25,51999.27,North,0
CUST100437,21.0,Male,23,95.25,2047.06,0,3,Month-to-Month,Debit Card,87.36,25284.84,East,1
CUST100438,40.0,Male,54,104.06,5570.71,3,2,Month-to-Month,Net Banking,105.72,30337.15,North,0
CUST100439,18.0,Female,27,44.93,1200.0,0,4,One Year,UPI,77.5,18000.0,North,0
CUST100440,21.0,Female,22,65.67,1587.12,2,2,Month-to-Month,UPI,63.88,93325.32,West,1
CUST100441,25.0,Male,38,47.44,1830.22,1,1,Month-to-Month,UPI,74.25,74232.23,North,0
CUST100442,37.0,Male,12,88.54,1126.42,1,3,One Year,Net Banking,41.92,94815.46,North,0
CUST100443,35.0,Male,7,81.08,504.63,0,5,Month-to-Month,Debit Card,30.5,29896.18,East,0
CUST100444,41.0,Male,13,64.71,642.0,3,3,Month-to-Month,Net Banking,67.17,42263.23,South,0
CUST100445,18.0,Male,36,89.39,3197.46,2,3,Two Year,Net Banking,133.01,43083.32,East,0
CUST100446,42.0,Male,16,89.0,1545.04,3,4,One Year,Net Banking,209.86,74973.64,East,0
CUST100447,54.0,Male,24,65.47,1658.96,1,4,Month-to-Month,Credit Card,68.42,31650.76,North,0
CUST100448,36.0,Female,16,75.78,1161.41,3,5,Month-to-Month,Credit Card,30.08,59362.62,South,0
CUST100449,51.0,Female,17,60.58,992.32,1,3,Two Year,Net Banking,128.9,65685.13,East,0
CUST100450,48.0,Female,38,59.24,2136.91,2,2,Month-to-Month,Credit Card,36.25,61255.78,South,0
CUST100451,22.0,Female,1,71.21,40.8,1,3,Month-to-Month,Net Banking,228.48,64962.23,South,0
CUST100452,30.0,Female,72,79.38,5716.48,2,4,Month-to-Month,UPI,59.58,18000.0,West,0
CUST100453,33.0,Male,14,78.97,1143.31,1,3,Month-to-Month,Credit Card,44.72,123240.71,West,0
CUST100454,29.0,Female,23,62.05,1392.19,3,2,Month-to-Month,UPI,31.26,66791.2,South,0
CUST100455,38.0,Female,40,128.23,5160.34,2,3,Two Year,UPI,144.49,43588.69,West,0
CUST100456,46.0,Female,16,114.71,1741.51,0,2,Month-to-Month,Debit Card,47.93,34655.07,East,0
CUST100457,23.0,Male,26,64.35,1852.96,0,3,One Year,Credit Card,100.95,66927.59,East,0
CUST100458,42.0,Female,38,65.88,2480.85,3,4,Month-to-Month,UPI,89.59,38733.16,West,0
CUST100459,26.0,Male,14,98.35,1370.03,2,5,Month-to-Month,Debit Card,100.6,75661.26,North,0
CUST100460,53.0,Female,55,82.71,4494.73,2,4,Month-to-Month,Net Banking,54.45,50850.58,North,1
CUST100461,49.0,Female,14,85.99,1298.26,3,5,One Year,Credit Card,109.49,69467.92,West,0
CUST100462,37.0,Female,59,20.11,1247.09,4,2,Month-to-Month,Debit Card,42.34,33998.79,South,0
CUST100463,54.0,Female,11,61.38,560.13,3,3,One Year,UPI,72.92,53923.47,West,0
CUST100464,33.0,Female,20,58.21,1295.88,2,3,One Year,Credit Card,36.33,47566.74,South,0
CUST100465,45.0,Female,71,74.19,5421.64,1,4,Month-to-Month,Credit Card,136.4,42646.51,North,0
CUST100466,30.0,Female,72,36.93,2487.49,2,3,Month-to-Month,Debit Card,40.57,33458.93,West,0
CUST100467,44.0,Male,31,38.28,1149.22,1,3,Month-to-Month,UPI,80.38,102381.13,South,1
CUST100468,27.0,,32,91.18,2872.77,2,2,One Year,Credit Card,62.43,18000.0,West,0
CUST100469,52.0,Male,13,46.97,601.46,0,2,Two Year,UPI,79.59,75441.93,South,0
CUST100470,26.0,Female,46,70.45,3100.68,3,2,Month-to-Month,Net Banking,94.97,63481.9,South,1
CUST100471,47.0,Male,70,102.38,7126.08,2,3,Month-to-Month,Net Banking,43.5,38483.36,South,0
CUST100472,32.0,Female,33,83.05,2884.55,1,3,Month-to-Month,Credit Card,94.99,50124.82,East,0
CUST100473,43.0,Female,9,66.06,697.95,1,3,Month-to-Month,Debit Card,172.61,52970.79,East,0
CUST100474,18.0,Female,10,107.53,1121.14,2,5,Month-to-Month,UPI,70.56,22133.74,North,0
CUST100475,65.0,Female,27,80.17,2136.82,1,3,Month-to-Month,UPI,36.26,66593.29,South,0
CUST100476,37.0,Female,25,70.13,1794.36,1,3,Two Year,UPI,51.14,36965.36,South,0
CUST100477,43.0,Female,15,90.45,1413.99,0,3,Month-to-Month,UPI,44.17,25451.37,East,0
CUST100478,51.0,Male,54,64.51,3633.93,0,3,Month-to-Month,Credit Card,137.44,23996.95,West,0
CUST100479,41.0,Female,24,70.77,1614.74,1,5,One Year,Net Banking,51.34,91428.29,East,0
CUST100480,36.0,Male,33,40.12,1287.19,5,4,Month-to-Month,UPI,44.09,71649.37,West,0
CUST100481,43.0,Female,25,67.98,1710.98,1,3,One Year,UPI,29.28,79060.75,West,0
CUST100482,22.0,Female,43,71.85,3071.62,2,4,One Year,Credit Card,61.37,129173.56,South,0
CUST100483,29.0,Male,29,145.0,4217.89,0,4,One Year,Credit Card,41.46,70126.28,South,0
CUST100484,32.0,Female,7,54.93,445.67,1,1,Month-to-Month,Credit Card,18.47,49807.57,West,0
CUST100485,25.0,Other,35,55.65,2093.31,3,1,One Year,Credit Card,,67782.35,South,0
CUST100486,50.0,Male,30,86.42,2669.42,1,4,Two Year,Credit Card,132.42,35607.28,West,0
CUST100487,44.0,Female,19,66.49,1351.51,1,3,Two Year,Credit Card,106.16,56165.28,East,0
CUST100488,36.0,Male,61,52.98,3108.34,2,3,Month-to-Month,Debit Card,133.64,80695.11,East,0
CUST100489,34.0,Male,45,95.45,,2,3,Two Year,Net Banking,272.89,31768.85,North,0
CUST100490,37.0,Female,2,45.81,119.88,0,3,Month-to-Month,Net Banking,69.86,50115.22,East,0
CUST100491,28.0,Male,47,34.29,1515.99,3,4,Month-to-Month,Net Banking,93.14,58253.63,South,0
CUST100492,40.0,Female,40,100.5,3912.16,1,4,Month-to-Month,Credit Card,89.82,71820.06,South,0
CUST100493,44.0,Male,15,,963.23,1,4,Month-to-Month,Debit Card,131.8,31927.86,West,0
CUST100494,40.0,Female,17,59.97,1111.35,1,4,Two Year,UPI,76.14,43626.34,South,0
CUST100495,28.0,Female,54,108.79,6001.94,2,4,Month-to-Month,Credit Card,64.37,33092.46,West,0
CUST100496,48.0,Female,5,58.12,286.69,3,3,One Year,Debit Card,41.09,51144.91,South,0
CUST100497,52.0,Male,32,85.15,,3,1,Month-to-Month,Credit Card,83.51,25941.84,East,1
CUST100498,21.0,Other,14,83.3,996.16,3,3,Month-to-Month,Debit Card,73.04,37155.87,West,0
CUST100499,38.0,Male,14,67.04,990.7,1,4,Month-to-Month,Credit Card,36.36,,East,0
CUST100500,40.0,Female,19,63.49,1276.32,0,4,One Year,Credit Card,27.78,54199.01,South,1
CUST100501,34.0,Female,24,44.4,1271.09,2,4,Month-to-Month,Debit Card,42.67,36108.58,West,0
CUST100502,46.0,Male,22,55.0,1195.51,2,4,Month-to-Month,UPI,27.33,47022.2,South,0
CUST100503,38.0,Male,19,44.62,903.62,3,4,One Year,UPI,137.29,44519.04,North,0
CUST100504,31.0,Female,30,79.93,2321.32,0,3,Month-to-Month,Debit Card,113.58,67963.25,North,0
CUST100505,36.0,Female,13,25.0,291.0,2,3,Month-to-Month,UPI,34.82,49926.45,North,0
CUST100506,25.0,Female,18,77.34,1340.11,2,5,One Year,Net Banking,72.81,66227.99,North,0
CUST100507,53.0,Female,8,61.67,516.89,2,3,Month-to-Month,UPI,81.67,58513.53,East,1
CUST100508,40.0,Male,30,34.2,,1,4,Month-to-Month,Debit Card,78.63,36984.66,East,0
CUST100509,51.0,Male,5,48.2,223.55,4,4,Two Year,Debit Card,54.33,31068.4,South,0
CUST100510,30.0,Male,32,79.38,2607.14,7,2,Two Year,Credit Card,44.77,18000.0,North,0
CUST100511,35.0,Male,18,68.83,1372.5,1,3,Month-to-Month,UPI,41.11,52441.82,North,0
CUST100512,42.0,Male,2,51.98,233.68,5,4,Month-to-Month,UPI,38.54,49810.5,North,1
CUST100513,35.0,Female,40,72.76,2918.5,2,4,Month-to-Month,Net Banking,57.27,57460.67,South,0
CUST100514,38.0,Female,25,51.11,1210.89,2,3,Month-to-Month,UPI,51.91,65957.96,South,1
CUST100515,31.0,Female,49,77.0,3753.51,2,4,Two Year,Credit Card,42.54,40036.29,South,0
CUST100516,18.0,Female,18,60.8,1069.44,6,1,Month-to-Month,UPI,85.71,30100.63,North,0
CUST100517,25.0,Female,30,50.36,1465.33,3,5,One Year,UPI,41.27,25110.32,North,0
CUST100518,25.0,Male,40,84.37,3430.73,0,4,Month-to-Month,Credit Card,86.21,57596.36,South,0
CUST100519,40.0,Female,23,71.18,1604.92,6,3,Month-to-Month,Credit Card,87.97,48052.67,North,1
CUST100520,34.0,Female,31,41.34,1334.34,3,4,One Year,Net Banking,119.35,37884.35,East,0
CUST100521,34.0,Male,19,63.62,1150.05,2,3,One Year,Credit Card,59.49,56907.14,North,0
CUST100522,34.0,Male,5,103.25,543.13,2,4,Month-to-Month,Credit Card,94.37,53089.47,North,0
CUST100523,56.0,Male,39,93.76,3645.75,1,3,One Year,UPI,78.2,78735.5,West,0
CUST100524,35.0,Female,22,104.64,2257.71,2,4,Month-to-Month,Debit Card,53.45,46424.65,West,0
CUST100525,35.0,Female,62,112.21,7032.28,4,4,Month-to-Month,Credit Card,135.51,19356.93,North,0
CUST100526,41.0,Male,32,76.61,,3,4,Month-to-Month,Credit Card,76.46,85618.89,North,0
CUST100527,32.0,Male,8,55.09,415.79,1,3,Two Year,Net Banking,45.76,29122.88,South,0
CUST100528,34.0,Male,4,94.68,322.62,2,5,Two Year,Net Banking,26.87,33682.77,North,0
CUST100529,32.0,Female,18,65.94,1205.9,2,3,Month-to-Month,UPI,85.18,47593.08,East,0
CUST100530,18.0,Female,28,113.66,3198.99,1,3,One Year,Net Banking,192.02,43261.95,South,0
CUST100531,35.0,,48,32.6,1483.36,3,5,Month-to-Month,Net Banking,20.48,156462.24,North,0
CUST100532,19.0,Male,36,72.06,2673.39,2,3,Month-to-Month,UPI,64.43,42403.55,South,0
CUST100533,40.0,Female,41,43.63,1754.47,2,4,Month-to-Month,UPI,38.94,63153.06,East,0
CUST100534,35.0,Male,25,85.57,2018.1,0,3,One Year,Net Banking,151.92,25590.58,North,0
CUST100535,47.0,Female,26,52.96,1307.05,1,3,Month-to-Month,UPI,108.9,41298.61,West,0
CUST100536,24.0,Female,34,69.31,2430.23,2,3,Month-to-Month,Credit Card,43.0,39384.85,South,0
CUST100537,28.0,Female,49,58.53,2806.9,1,4,One Year,Credit Card,114.85,28724.57,North,0
CUST100538,35.0,Male,13,95.66,1121.38,3,2,Two Year,UPI,103.79,39308.51,West,1
CUST100539,23.0,Male,22,63.97,1375.25,2,2,Month-to-Month,UPI,90.86,70726.98,West,0
CUST100540,45.0,Female,33,60.46,2102.47,0,2,Month-to-Month,UPI,62.9,42102.35,East,0
CUST100541,23.0,Male,56,105.34,5817.46,3,3,One Year,Credit Card,58.31,50967.64,West,0
CUST100542,18.0,Female,72,55.25,4023.65,2,4,Month-to-Month,Credit Card,106.57,36410.83,West,0
CUST100543,40.0,Male,18,71.94,1382.01,0,3,One Year,UPI,165.12,76314.73,East,0
CUST100544,38.0,,59,31.76,1832.6,2,1,Month-to-Month,Debit Card,54.17,76386.97,West,0
CUST100545,61.0,Male,38,105.5,4197.36,2,1,Month-to-Month,Net Banking,41.09,36119.66,West,0
CUST100546,45.0,Female,36,69.35,2464.17,4,3,Month-to-Month,Debit Card,27.48,41347.01,East,0
CUST100547,37.0,Female,24,60.73,1449.25,2,3,Month-to-Month,Net Banking,55.15,60049.98,North,0
CUST100548,23.0,Male,19,61.31,1206.09,2,4,Month-to-Month,Debit Card,44.08,43031.93,North,0
CUST100549,58.0,Male,4,30.79,78.86,4,4,Month-to-Month,UPI,43.11,61461.8,West,0
CUST100550,30.0,Male,24,71.76,1692.31,3,3,One Year,Credit Card,60.41,57833.54,South,1
CUST100551,39.0,Female,1,34.55,20.0,3,4,Two Year,UPI,112.78,28109.57,North,0
CUST100552,48.0,Male,21,20.0,433.28,3,3,One Year,Credit Card,110.13,131082.06,East,0
CUST100553,41.0,Male,24,68.74,1505.4,3,3,Month-to-Month,UPI,123.28,62173.13,North,1
CUST100554,40.0,Female,22,137.53,3075.18,2,4,Month-to-Month,Debit Card,39.58,49590.24,West,0
CUST100555,30.0,Male,9,,686.36,3,3,Two Year,UPI,124.48,121133.52,West,0
CUST100556,37.0,Female,37,84.72,3168.36,1,3,Month-to-Month,,14.58,48597.68,South,1
CUST100557,51.0,Female,28,59.07,1611.12,2,4,Month-to-Month,Debit Card,86.02,68894.58,South,0
CUST100558,23.0,Male,28,74.49,2106.51,2,3,Month-to-Month,Debit Card,24.08,18925.46,North,0
CUST100559,37.0,Male,18,80.84,1326.93,1,3,Month-to-Month,Credit Card,54.65,124692.35,West,0
CUST100560,64.0,Female,40,78.28,3255.28,0,4,Month-to-Month,Net Banking,91.17,53844.44,South,0
CUST100561,18.0,Male,24,52.65,1360.64,1,1,Month-to-Month,Debit Card,98.8,108743.09,East,0
CUST100562,35.0,Female,43,58.23,2412.37,0,5,Month-to-Month,Debit Card,90.78,37861.12,South,0
CUST100563,64.0,Female,16,93.5,1407.72,5,5,Month-to-Month,Credit Card,79.89,19209.14,North,1
CUST100564,52.0,Male,9,75.53,699.42,3,3,Two Year,Credit Card,68.88,89493.95,North,0
CUST100565,29.0,Male,42,69.9,2972.5,5,4,Month-to-Month,Net Banking,119.25,30669.99,North,0
CUST100566,28.0,Male,7,63.35,417.44,3,4,Month-to-Month,Debit Card,103.3,36376.69,North,0
CUST100567,31.0,Female,15,69.69,1040.19,4,5,Month-to-Month,Credit Card,188.65,37646.55,West,0
CUST100568,46.0,Male,7,63.91,252.74,2,2,Month-to-Month,Net Banking,24.13,37302.62,North,0
CUST100569,,Male,9,71.95,656.43,1,5,Two Year,Credit Card,95.27,40428.95,West,0
CUST100570,46.0,Female,6,84.68,469.74,2,4,Two Year,Debit Card,28.32,195482.68,West,0
CUST100571,36.0,Other,11,90.09,848.14,3,4,Month-to-Month,Debit Card,31.95,43470.92,South,0
CUST100572,24.0,Male,43,73.93,3240.98,4,4,Month-to-Month,UPI,952.5696875193449,61640.46,South,0
CUST100573,43.0,Male,36,95.53,3472.57,0,4,Two Year,,47.44,72902.14,South,0
CUST100574,50.0,Male,50,55.51,2780.37,2,3,Month-to-Month,UPI,73.9,34003.43,South,0
CUST100575,41.0,Female,43,72.51,3122.78,2,2,Month-to-Month,UPI,121.98,85482.08,West,0
CUST100576,50.0,Other,31,73.34,2325.01,1,2,Month-to-Month,UPI,45.42,67182.29,East,0
CUST100577,33.0,Male,32,82.3,2692.92,2,4,Month-to-Month,Credit Card,41.35,40620.11,North,0
CUST100578,61.0,Other,31,61.62,1969.31,1,4,Two Year,Debit Card,96.33,41064.03,East,0
CUST100579,31.0,Male,22,52.12,1204.61,1,4,Month-to-Month,UPI,,44229.68,North,0
CUST100580,27.0,Male,61,89.27,5416.73,2,4,Two Year,UPI,82.81,43032.2,North,1
CUST100581,39.0,Female,11,61.75,547.12,1,2,Month-to-Month,Debit Card,100.84,45063.58,North,0
CUST100582,42.0,Male,23,78.13,1778.37,2,1,One Year,UPI,233.18,53587.29,East,0
CUST100583,37.0,Male,13,88.62,932.5,4,5,One Year,UPI,28.89,23221.04,North,0
CUST100584,51.0,Female,35,70.35,2471.04,3,5,Month-to-Month,Debit Card,62.59,23928.86,North,0
CUST100585,22.0,Male,18,103.31,1678.78,1,3,Month-to-Month,Net Banking,41.27,75696.78,North,0
CUST100586,27.0,Male,24,73.39,1705.41,3,4,Month-to-Month,Credit Card,107.19,95305.41,South,0
CUST100587,40.0,Male,13,71.74,874.65,3,4,Month-to-Month,Credit Card,81.58,29587.56,West,0
CUST100588,18.0,Female,13,64.69,757.5,2,4,Month-to-Month,Net Banking,125.72,97459.88,South,0
CUST100589,31.0,Male,16,86.5,1427.85,2,5,Two Year,Debit Card,51.13,45392.93,East,0
CUST100590,22.0,Male,54,69.21,3737.0,2,3,Month-to-Month,Debit Card,95.79,82540.54,North,0
CUST100591,33.0,Female,66,54.95,3689.65,4,3,Month-to-Month,Credit Card,61.02,43899.45,North,0
CUST100592,38.0,Other,3,57.86,189.04,1,4,Month-to-Month,Net Banking,158.04,28974.53,South,0
CUST100593,39.0,Female,8,64.42,483.82,2,4,Month-to-Month,Debit Card,58.05,29518.11,North,0
CUST100594,42.0,Male,21,74.49,1608.89,3,2,Month-to-Month,Credit Card,118.01,41482.36,North,1
CUST100595,34.0,Male,7,61.56,395.84,3,3,Month-to-Month,Debit Card,61.42,74736.31,South,0
CUST100596,59.0,Male,8,32.85,152.31,4,5,Month-to-Month,Debit Card,67.36,36780.3,North,0
CUST100597,37.0,Male,29,70.75,2024.6,2,3,One Year,,140.92,30717.51,South,0
CUST100598,30.0,Male,9,42.63,,3,4,Month-to-Month,Net Banking,308.38,81757.57,South,0
CUST100599,44.0,Male,23,56.52,1324.66,0,5,Two Year,UPI,46.32,,West,0
CUST100600,33.0,Male,12,,868.28,1,3,One Year,UPI,72.43,74457.17,South,0
CUST100601,53.0,Female,1,58.94,92.05,1,5,Two Year,UPI,50.32,50806.38,North,0
CUST100602,24.0,Male,41,24.23,966.91,3,4,Two Year,UPI,148.19,60593.66,West,0
CUST100603,35.0,Female,45,70.17,3188.34,3,3,Month-to-Month,Credit Card,36.52,20623.25,South,0
CUST100604,67.0,Male,72,60.16,4272.63,1,3,Month-to-Month,UPI,64.26,31659.2,East,0
CUST100605,53.0,Female,35,84.64,3235.19,3,3,Month-to-Month,UPI,26.85,78344.4,South,0
CUST100606,39.0,Female,19,62.46,1191.25,3,4,Month-to-Month,Net Banking,60.29,57824.8,East,0
CUST100607,49.0,Male,41,54.31,2111.9,2,4,Month-to-Month,Credit Card,46.5,41241.45,South,0
CUST100608,30.0,Male,21,58.72,1239.75,1,4,Month-to-Month,UPI,52.05,73907.08,East,0
CUST100609,52.0,Female,7,52.18,373.65,5,4,Month-to-Month,Debit Card,74.79,70556.12,North,0
CUST100610,31.0,Male,11,74.29,886.98,2,3,Month-to-Month,Net Banking,46.85,102797.93,West,0
CUST100611,47.0,Male,26,45.22,1293.42,1,3,One Year,Credit Card,43.26,76733.69,North,0
CUST100612,46.0,Male,9,72.42,664.86,4,5,One Year,Debit Card,30.44,48014.42,West,0
CUST100613,45.0,Female,25,68.77,1754.31,3,3,Month-to-Month,Debit Card,115.28,25096.37,East,1
CUST100614,52.0,Male,28,65.49,1626.05,1,4,One Year,UPI,91.67,51858.27,East,0
CUST100615,31.0,Male,72,74.52,5514.89,4,4,Two Year,UPI,98.39,59285.01,North,0
CUST100616,35.0,Female,30,90.45,2698.18,1,4,One Year,UPI,84.74,92146.83,North,0
CUST100617,51.0,Other,57,,4647.17,2,3,One Year,Debit Card,174.97,40452.64,South,0
CUST100618,42.0,Female,3,42.41,122.65,2,1,Month-to-Month,Debit Card,,75249.92,West,1
CUST100619,41.0,Male,11,55.93,606.53,0,3,One Year,Debit Card,137.6,112824.13,North,0
CUST100620,40.0,Female,26,109.4,2877.32,1,2,Two Year,Net Banking,48.16,18000.0,North,0
CUST100621,18.0,Female,34,82.97,2895.49,1,3,Two Year,Net Banking,25.46,120372.15,West,0
CUST100622,18.0,Female,10,118.49,1294.0,0,2,Month-to-Month,Debit Card,165.96,150544.45,West,1
CUST100623,28.0,Female,20,67.67,1400.6,2,3,Two Year,UPI,123.71,43043.94,North,0
CUST100624,40.0,Female,22,46.13,1030.49,4,3,Two Year,Credit Card,49.0,64438.59,East,0
CUST100625,30.0,Female,36,63.88,2194.49,0,5,Month-to-Month,Net Banking,28.09,73284.78,South,0
CUST100626,54.0,Female,47,130.73,6138.58,1,4,Month-to-Month,UPI,150.42,36725.36,South,0
CUST100627,51.0,Female,14,61.15,769.92,0,3,Month-to-Month,,27.22,53530.16,North,0
CUST100628,38.0,Female,4,91.03,275.26,1,3,Month-to-Month,Debit Card,69.68,86694.1,East,0
CUST100629,34.0,,40,65.1,2355.02,1,5,Two Year,UPI,63.59,41132.85,North,0
CUST100630,45.0,Female,7,57.86,377.81,3,4,Month-to-Month,UPI,71.72,33832.63,South,0
CUST100631,34.0,Male,26,128.76,3403.81,2,5,One Year,UPI,134.32,,West,0
CUST100632,36.0,Male,17,57.12,1005.61,3,2,Month-to-Month,Credit Card,107.68,21371.11,West,0
CUST100633,29.0,Male,21,85.22,1695.92,0,4,Month-to-Month,Debit Card,39.68,43082.95,South,0
CUST100634,21.0,Female,64,54.92,3468.32,3,3,Month-to-Month,UPI,82.4,26552.99,North,0
CUST100635,47.0,Male,13,45.01,597.35,3,4,One Year,Net Banking,33.02,67280.92,South,0
CUST100636,57.0,Male,25,106.74,2625.79,0,3,Month-to-Month,UPI,85.97,33948.31,West,0
CUST100637,38.0,Male,34,94.64,3195.31,2,4,Month-to-Month,Credit Card,132.31,52876.82,West,0
CUST100638,40.0,Female,23,28.06,630.38,0,2,Month-to-Month,UPI,70.3,83856.22,North,0
CUST100639,49.0,Female,51,70.58,3550.91,3,4,Month-to-Month,Credit Card,156.77,28225.38,East,0
CUST100640,33.0,Male,20,83.97,1610.4,2,5,Month-to-Month,Credit Card,12.65,58537.99,South,0
CUST100641,26.0,Male,18,38.55,742.75,2,4,Month-to-Month,UPI,71.33,40031.49,North,0
CUST100642,38.0,Female,30,58.36,1633.57,1,2,Two Year,Debit Card,89.04,18000.0,South,0
CUST100643,31.0,Male,19,80.25,1503.32,1,4,Month-to-Month,Credit Card,66.69,54467.38,South,0
CUST100644,18.0,Male,29,73.69,2035.54,3,4,Month-to-Month,UPI,74.1,32388.68,West,0
CUST100645,30.0,Female,22,71.12,1439.14,2,3,Month-to-Month,UPI,122.16,66496.6,East,1
CUST100646,27.0,Male,14,79.22,1080.27,2,3,Month-to-Month,Debit Card,57.2,30948.75,South,0
CUST100647,26.0,Male,19,90.12,1637.72,5,5,Month-to-Month,Credit Card,95.55,47938.4,North,0
CUST100648,,Female,7,73.45,414.79,3,3,Month-to-Month,UPI,26.57,26519.71,South,0
CUST100649,50.0,Female,35,20.0,638.45,3,4,One Year,Debit Card,24.18,44385.39,East,0
CUST100650,37.0,Male,12,55.98,641.51,3,3,Month-to-Month,UPI,90.95,18000.0,North,0
CUST100651,44.0,Female,15,38.47,635.61,1,3,Month-to-Month,Net Banking,53.78,33719.77,South,0
CUST100652,44.0,Female,32,71.1,2321.02,3,2,Two Year,Net Banking,32.82,29503.3,West,0
CUST100653,63.0,Male,37,59.62,2257.09,6,5,Month-to-Month,UPI,32.79,66003.37,North,0
CUST100654,21.0,Female,6,66.61,356.77,1,3,One Year,Debit Card,37.78,84281.97,North,0
CUST100655,36.0,Male,21,49.81,1102.23,2,4,Month-to-Month,Debit Card,113.57,28681.3,South,0
CUST100656,51.0,Female,32,77.95,2432.84,0,4,Month-to-Month,UPI,50.16,84881.94,North,0
CUST100657,50.0,Male,9,58.19,563.11,0,4,Month-to-Month,Net Banking,55.83,52273.18,East,0
CUST100658,39.0,Male,10,58.26,634.29,3,5,Two Year,UPI,99.31,80376.98,West,0
CUST100659,51.0,Other,72,96.1,6819.73,1,3,Month-to-Month,UPI,97.33,77706.04,West,0
CUST100660,48.0,Male,53,78.42,4123.44,2,4,Two Year,Debit Card,160.99,35837.86,East,0
CUST100661,46.0,Male,13,73.24,1013.25,3,3,One Year,Net Banking,66.14,47573.8,South,0
CUST100662,37.0,Female,8,49.49,297.25,2,2,Two Year,Net Banking,45.18,43431.2,South,0
CUST100663,32.0,Female,16,67.58,1127.87,1,2,Two Year,Credit Card,45.67,76309.62,West,0
CUST100664,47.0,Female,36,81.79,2958.6,4,4,One Year,UPI,125.49,53353.04,West,0
CUST100665,32.0,Female,72,69.25,4995.09,0,3,Month-to-Month,UPI,47.92,24265.13,North,0
CUST100666,38.0,Female,10,73.54,700.94,5,3,Month-to-Month,Net Banking,151.27,79737.66,South,0
CUST100667,28.0,Female,25,78.7,1847.49,2,5,Two Year,Credit Card,213.69,23185.37,West,0
CUST100668,30.0,Male,43,90.04,3956.56,3,3,Month-to-Month,Credit Card,279.52,48879.65,South,0
CUST100669,25.0,Female,22,71.18,1648.67,0,3,One Year,Credit Card,123.72,49187.8,South,0
CUST100670,24.0,Male,51,54.43,2780.93,0,4,Month-to-Month,UPI,162.74,38163.75,North,0
CUST100671,65.0,Female,20,64.31,1130.29,3,3,Month-to-Month,,50.44,32013.19,East,0
CUST100672,34.0,Male,10,76.08,757.81,2,2,One Year,Debit Card,75.94,37320.95,East,0
CUST100673,27.0,Male,17,58.69,965.64,4,4,One Year,Debit Card,116.53,31568.19,West,0
CUST100674,30.0,Male,43,97.68,4219.96,1,4,Month-to-Month,Net Banking,32.07,31578.64,South,0
CUST100675,,Female,37,108.63,3891.22,2,4,Two Year,UPI,88.14,,West,0
CUST100676,32.0,Female,46,54.66,2419.0,3,4,One Year,Debit Card,149.74,28737.99,West,0
CUST100677,32.0,Male,7,51.62,364.59,2,5,Month-to-Month,UPI,125.76,55504.67,West,0
CUST100678,46.0,Female,28,79.57,2228.94,3,2,Month-to-Month,,53.57,53286.95,South,0
CUST100679,62.0,Male,57,43.26,2400.6,1,4,Two Year,Net Banking,68.34,68292.33,East,0
CUST100680,35.0,Male,66,95.96,6298.28,1,4,Two Year,Debit Card,104.53,63123.35,North,0
CUST100681,28.0,Male,23,,1586.82,2,1,Two Year,Credit Card,34.29,61185.86,South,0
CUST100682,70.0,Male,20,67.39,,0,3,Two Year,UPI,126.19,34594.31,North,0
CUST100683,28.0,Male,5,104.52,362.49,1,3,Month-to-Month,Debit Card,127.31,92828.46,East,1
CUST100684,32.0,Male,31,77.91,2484.45,2,4,Month-to-Month,UPI,88.09,58635.22,West,0
CUST100685,18.0,Female,18,62.03,1101.63,2,3,Month-to-Month,Credit Card,293.94,51301.03,North,0
CUST100686,37.0,Female,8,62.26,488.0,2,4,Two Year,Net Banking,64.46,24948.97,South,0
CUST100687,41.0,Male,40,45.51,1660.56,6,3,One Year,Net Banking,63.64,30145.96,East,0
CUST100688,50.0,Male,17,104.13,1638.08,5,3,Month-to-Month,Net Banking,55.0,113771.16,South,0
CUST100689,35.0,Male,14,83.19,1205.37,0,4,One Year,UPI,156.58,38109.26,North,0
CUST100690,25.0,Female,11,98.28,1173.77,2,4,Month-to-Month,UPI,605.9748500790215,41081.37,West,1
CUST100691,45.0,Male,34,,2124.9,2,2,One Year,Net Banking,32.96,49717.27,West,0
CUST100692,18.0,Male,32,96.66,3091.72,2,4,Month-to-Month,Debit Card,106.84,39389.44,North,0
CUST100693,52.0,Male,29,20.0,406.25,2,3,One Year,Credit Card,45.11,80861.17,North,0
CUST100694,27.0,Other,17,120.2,2057.11,5,3,Month-to-Month,UPI,25.41,26884.12,South,1
CUST100695,36.0,Male,24,84.11,1962.81,4,4,Month-to-Month,Credit Card,100.32,108195.13,North,0
CUST100696,31.0,Female,30,68.61,2021.07,3,3,Month-to-Month,Net Banking,30.47,48522.63,West,0
CUST100697,26.0,Female,59,131.22689793941544,2444.33,0,4,Month-to-Month,Net Banking,72.52,110365.7,North,0
CUST100698,,Female,22,99.99,2205.2,4,4,Month-to-Month,,62.52,26156.38,South,0
CUST100699,31.0,Male,7,82.07,522.3,2,5,One Year,Credit Card,100.34,33948.47,South,0
CUST100700,43.0,Female,18,80.88,1454.36,4,3,Month-to-Month,UPI,141.16,48190.06,West,1
CUST100701,42.0,Male,17,72.9,1220.18,1,4,Month-to-Month,Net Banking,62.68,81323.88,West,1
CUST100702,52.0,Male,38,97.58,3711.96,3,3,Month-to-Month,Debit Card,30.58,60182.51,East,0
CUST100703,56.0,Male,34,80.61,,0,3,Two Year,Net Banking,79.92,30136.09,North,0
CUST100704,27.0,Male,41,69.21,2898.09,1,4,One Year,Debit Card,141.65,,South,0
CUST100705,66.0,Female,17,106.65,1860.41,0,3,Month-to-Month,UPI,63.92,37256.21,East,0
CUST100706,48.0,Male,16,65.13,984.95,2,5,Month-to-Month,Credit Card,23.18,18000.0,North,0
CUST100707,45.0,Female,21,78.05,1602.99,0,5,One Year,Debit Card,144.83,52646.22,South,0
CUST100708,48.0,Female,21,89.99,2007.44,3,2,One Year,UPI,,82784.37,East,1
CUST100709,30.0,Male,1,67.24,117.94,3,3,Month-to-Month,,130.02,46321.03,West,0
CUST100710,49.0,Female,2,73.27,251.69,1,4,Month-to-Month,Credit Card,57.17,43685.31,West,0
CUST100711,43.0,Female,33,41.38,1208.58,0,3,Month-to-Month,UPI,48.67,44151.1,South,0
CUST100712,46.0,Male,71,49.38,3547.91,0,3,One Year,Debit Card,132.97,37107.23,South,0
CUST100713,43.0,Male,18,67.14,1207.99,1,4,One Year,Debit Card,155.34,18000.0,North,0
CUST100714,18.0,Male,13,72.41,895.43,1,3,Month-to-Month,UPI,21.76,95889.91,West,0
CUST100715,36.0,Male,2,82.64,166.02,2,4,One Year,Credit Card,103.37,81417.03,South,1
CUST100716,49.0,Female,42,56.03,2277.18,0,5,Month-to-Month,Debit Card,74.68,115278.22,East,0
CUST100717,41.0,Female,16,49.89,812.73,4,4,Two Year,UPI,104.47,31614.87,West,0
CUST100718,18.0,Male,5,90.54,580.64,2,4,Month-to-Month,UPI,55.69,48516.8,West,0
CUST100719,24.0,Female,43,77.75,3431.19,2,4,Month-to-Month,UPI,80.66,67258.16,South,0
CUST100720,48.0,Female,10,99.29,1143.2,3,3,Month-to-Month,Debit Card,69.6,18566.3,South,1
CUST100721,38.0,Male,21,91.44,1947.52,1,3,Month-to-Month,UPI,47.02,69942.81,South,0
CUST100722,51.0,Female,28,74.68,2222.84,0,5,Month-to-Month,Net Banking,57.56,37720.91,South,0
CUST100723,36.0,Female,9,84.5,788.21,3,2,One Year,Net Banking,56.41,,West,1
CUST100724,43.0,Male,48,62.54,2882.12,0,4,One Year,UPI,78.52,74275.94,East,0
CUST100725,33.0,Male,28,99.85,2663.93,6,5,Two Year,Credit Card,35.83,75042.52,East,0
CUST100726,50.0,Male,17,77.6,1395.18,2,4,One Year,Debit Card,175.0,34687.49,South,0
CUST100727,43.0,Female,6,58.23,264.89,1,4,One Year,Credit Card,66.49,49339.89,East,0
CUST100728,38.0,Male,17,79.27,1324.89,5,4,One Year,UPI,88.34,36669.6,South,0
CUST100729,39.0,Female,17,80.79,1323.63,1,3,Month-to-Month,Debit Card,119.51,21279.72,South,0
CUST100730,41.0,Female,32,27.22,788.88,3,3,Two Year,Credit Card,74.65,59280.16,West,0
CUST100731,71.0,Female,47,,4077.31,3,3,One Year,Credit Card,94.12,21299.47,West,0
CUST100732,41.0,Male,43,87.39,3572.04,1,4,Two Year,Credit Card,75.02,21451.73,North,0
CUST100733,43.0,Male,4,75.61,,0,3,One Year,,40.64,30616.63,South,0
CUST100734,18.0,Female,6,20.0,138.9,3,2,Month-to-Month,Net Banking,68.81,29683.47,West,0
CUST100735,,Female,17,85.34,1411.24,1,5,Month-to-Month,UPI,143.72,34979.76,North,0
CUST100736,42.0,Female,40,108.24,4375.18,1,4,Month-to-Month,Debit Card,38.71,45762.48,East,0
CUST100737,18.0,Female,22,104.18,2119.75,2,3,Two Year,UPI,58.28,66015.93,West,0
CUST100738,35.0,Male,14,56.07,791.94,1,4,Two Year,UPI,67.89,73280.9,North,0
CUST100739,24.0,Male,40,79.67,3271.31,4,3,One Year,UPI,48.19,18000.0,North,0
CUST100740,34.0,Male,5,99.98,625.4,4,4,Two Year,UPI,73.5,38249.27,North,0
CUST100741,18.0,Female,21,80.81,1686.46,0,5,Month-to-Month,Credit Card,39.19,43842.73,North,0
CUST100742,47.0,Female,72,58.09,4279.3,3,2,Month-to-Month,Debit Card,58.41,35708.08,South,0
CUST100743,35.0,Female,18,80.78,1537.55,4,3,Month-to-Month,UPI,122.33,25368.78,East,0
CUST100744,45.0,Male,31,57.23,1823.38,2,3,One Year,Credit Card,36.18,55720.13,East,0
CUST100745,41.0,Female,35,68.01,2385.5,1,3,Month-to-Month,Debit Card,163.0,24367.12,South,0
CUST100746,35.0,Other,2,69.36,126.83,0,4,One Year,Debit Card,112.12,56298.97,West,0
CUST100747,41.0,Male,24,69.06,1686.67,1,3,Month-to-Month,UPI,43.63,27409.62,South,0
CUST100748,23.0,Male,17,83.39,1421.77,1,3,Month-to-Month,Net Banking,58.22,18000.0,North,0
CUST100749,46.0,Male,3,96.99,179.56,2,4,Month-to-Month,UPI,100.3,127270.02,South,1
CUST100750,39.0,Female,14,88.96,1159.23,4,4,Month-to-Month,UPI,63.99,37558.66,East,0
CUST100751,67.0,Female,25,66.54,,2,3,Month-to-Month,Credit Card,50.0,25757.69,South,0
CUST100752,38.0,Male,20,76.38,,3,3,Month-to-Month,Credit Card,86.09,46448.54,South,0
CUST100753,47.0,Male,8,57.71,421.69,2,3,Two Year,UPI,69.21,,North,0
CUST100754,42.0,,30,46.55,1348.26,3,4,Month-to-Month,Credit Card,106.02,56423.75,West,0
CUST100755,20.0,Female,39,42.87,1822.43,2,4,One Year,Debit Card,181.78,40433.09,West,0
CUST100756,27.0,Female,7,86.78,693.55,0,2,Two Year,UPI,19.7,38229.05,West,0
CUST100757,58.0,Male,24,72.99,1684.24,0,3,Month-to-Month,Net Banking,82.62,81445.04,West,0
CUST100758,55.0,Female,30,54.08,1601.28,1,3,One Year,UPI,149.37,101269.03,North,0
CUST100759,22.0,Male,33,48.2,1612.11,2,4,Month-to-Month,UPI,58.89,67700.11,East,0
CUST100760,25.0,Male,31,62.11,1863.52,2,3,Month-to-Month,Debit Card,150.66,30255.7,North,0
CUST100761,36.0,Female,2,84.02,20.0,1,2,Month-to-Month,Net Banking,80.86,49635.89,West,0
CUST100762,46.0,Male,30,62.11,1819.83,3,3,Month-to-Month,Credit Card,200.82,49149.92,East,0
CUST100763,29.0,Male,10,,605.08,2,4,Month-to-Month,UPI,147.94,126591.33,North,0
CUST100764,46.0,Other,9,83.31,713.55,3,4,Month-to-Month,,61.85,51247.97,North,0
CUST100765,61.0,Male,12,106.55,1216.88,3,2,Two Year,UPI,201.85,47163.92,West,1
CUST100766,45.0,Female,16,87.88,1350.2,0,5,Month-to-Month,UPI,78.66,65523.25,North,0
CUST100767,37.0,Female,10,64.45,679.79,3,4,Two Year,Credit Card,40.69,21334.83,East,0
CUST100768,43.0,Male,9,89.78,677.83,2,4,Month-to-Month,Net Banking,54.6,38833.15,South,1
CUST100769,39.0,Male,72,64.7,4640.18,4,3,One Year,Debit Card,85.4,60305.01,North,0
CUST100770,44.0,Female,35,76.58,,0,5,One Year,Debit Card,99.39,37493.35,East,0
CUST100771,39.0,Female,51,90.66,4572.87,3,5,Month-to-Month,UPI,103.1,36844.88,South,0
CUST100772,36.0,Female,36,98.35,3624.27,0,4,Two Year,UPI,120.53,134569.29,South,0
CUST100773,21.0,Male,21,77.26,1581.14,1,4,Month-to-Month,Net Banking,54.74,139233.2,North,0
CUST100774,34.0,Female,71,98.96,6965.98,2,2,Month-to-Month,UPI,84.38,69175.43,South,0
CUST100775,26.0,Male,41,105.88,4419.61,2,4,Month-to-Month,UPI,50.76,48307.99,West,0
CUST100776,59.0,Male,38,89.41,3418.45,3,3,Month-to-Month,Net Banking,47.41,31756.36,West,0
CUST100777,19.0,Female,6,71.3,389.52,0,2,Month-to-Month,Credit Card,33.66,111173.04,North,0
CUST100778,46.0,Male,10,85.3,979.4,3,2,Month-to-Month,UPI,122.43,60606.16,West,1
CUST100779,65.0,Male,30,112.48,3283.49,3,2,Month-to-Month,Net Banking,113.71,94722.05,West,0
CUST100780,49.0,Male,20,55.6,982.79,4,1,Month-to-Month,Credit Card,34.65,139614.79,North,0
CUST100781,53.0,Male,34,57.11,1852.83,2,4,One Year,UPI,153.29,,West,0
CUST100782,37.0,Male,22,61.02,1237.98,5,3,One Year,Debit Card,59.23,71807.38,North,0
CUST100783,57.0,Male,28,54.97,1635.13,1,2,Month-to-Month,UPI,82.51,49828.58,North,1
CUST100784,31.0,Male,26,63.8,1683.9,3,4,Month-to-Month,UPI,106.85,76570.66,South,0
CUST100785,55.0,Male,15,29.65,204.56,0,4,One Year,Credit Card,36.25,21364.15,North,0
CUST100786,33.0,Male,60,58.2,3487.1,1,4,Two Year,UPI,68.75,46096.89,South,0
CUST100787,47.0,Female,2,64.85,128.99,1,3,Month-to-Month,Net Banking,233.49,85948.51,North,0
CUST100788,31.0,Female,25,94.3,2276.37,4,3,Month-to-Month,UPI,32.42,33030.24,North,0
CUST100789,51.0,Female,35,60.4,2049.08,1,5,Two Year,UPI,24.36,61684.28,West,0
CUST100790,63.0,Female,13,93.79,1252.8,3,4,Month-to-Month,UPI,24.96,95656.35,North,0
CUST100791,41.0,Male,17,67.24,1181.27,3,2,One Year,Credit Card,116.31,42588.63,West,0
CUST100792,42.0,Male,10,92.84,894.01,3,4,One Year,UPI,58.62,48094.44,North,0
CUST100793,36.0,Female,4,42.52,147.39,2,5,Two Year,Debit Card,,144763.47,North,0
CUST100794,40.0,Female,6,35.74,164.91,1,3,Month-to-Month,Net Banking,70.68,26544.38,East,1
CUST100795,48.0,Male,29,61.34,1744.61,2,4,Two Year,Credit Card,176.24,41687.88,West,0
CUST100796,49.0,Female,38,45.28,1579.77,2,4,Month-to-Month,Debit Card,84.4,191226.68,West,0
CUST100797,34.0,Other,27,70.55,1894.57,5,5,One Year,Credit Card,102.22,,East,0
CUST100798,55.0,Female,25,78.84,1987.4,3,4,Month-to-Month,UPI,65.3,56040.66,West,0
CUST100799,44.0,Male,29,73.66,2040.03,4,3,Month-to-Month,UPI,119.76,140924.45,South,0
CUST100800,18.0,Female,55,82.29,4689.47,4,4,Month-to-Month,Net Banking,69.95,124805.47,North,0
CUST100801,39.0,Male,4,111.32,316.01,2,3,One Year,UPI,46.23,69929.8,West,0
CUST100802,38.0,Male,18,55.98,,2,1,One Year,UPI,55.11,51319.71,South,1
CUST100803,18.0,Male,40,91.24,3693.86,3,3,Month-to-Month,UPI,53.97,48412.35,South,0
CUST100804,41.0,Male,61,138.94,8461.71,2,3,One Year,UPI,108.46,28552.73,East,1
CUST100805,36.0,Male,28,82.21,2295.47,1,2,Month-to-Month,Debit Card,60.01,35358.08,South,0
CUST100806,42.0,Male,16,97.22,1580.81,2,3,Month-to-Month,Debit Card,83.1,40696.93,West,0
CUST100807,27.0,Male,31,116.65,3576.8,0,3,Two Year,Debit Card,121.99,42434.61,North,0
CUST100808,32.0,Male,7,48.46,431.3,0,3,One Year,Credit Card,88.66,41071.96,East,0
CUST100809,26.0,Male,33,68.3,2220.71,4,4,Two Year,Credit Card,89.48,86930.59,East,0
CUST100810,26.0,Male,29,45.68,1243.34,3,2,Two Year,Net Banking,184.3,51623.41,North,0
CUST100811,34.0,Female,27,94.03,2556.76,1,2,Month-to-Month,Net Banking,46.17,36800.61,West,0
CUST100812,49.0,Other,24,30.29,773.55,4,3,Month-to-Month,Debit Card,59.73,36619.97,North,0
CUST100813,36.0,Male,3,97.6,434.01,3,4,Month-to-Month,Net Banking,77.15,19690.71,West,0
CUST100814,29.0,Male,28,83.29,2358.99,2,3,Month-to-Month,Credit Card,93.57,26730.45,South,0
CUST100815,47.0,Male,9,99.66,960.53,2,3,Month-to-Month,UPI,43.25,86147.1,North,1
CUST100816,18.0,Female,38,67.32,2498.33,3,2,One Year,UPI,89.21,28085.52,West,0
CUST100817,45.0,Male,17,82.54,1425.18,1,3,Month-to-Month,Credit Card,49.66,36141.6,North,0
CUST100818,47.0,Female,23,34.36,884.17,0,2,Month-to-Month,Net Banking,450.0,43270.7,South,0
CUST100819,47.0,Male,7,86.27,558.76,2,4,Two Year,Credit Card,76.24,76583.34,North,0
CUST100820,34.0,Female,10,113.83,1193.12,1,1,Month-to-Month,Debit Card,36.58,18000.0,East,0
CUST100821,32.0,Female,9,85.69,670.26,1,5,Month-to-Month,UPI,61.56,69846.39,West,0
CUST100822,18.0,Female,19,63.14,1174.69,2,5,Month-to-Month,UPI,103.57,41154.57,East,0
CUST100823,49.0,Male,14,58.37,922.12,1,3,Month-to-Month,UPI,138.65,99366.56,South,0
CUST100824,33.0,Male,39,45.68,1603.7,2,4,Two Year,UPI,127.38,19955.27,West,1
CUST100825,41.0,Male,8,95.91,911.91,0,5,Month-to-Month,Net Banking,64.16,65305.95,South,0
CUST100826,34.0,Male,39,20.0,825.02,3,4,Month-to-Month,Net Banking,73.45,44326.2,South,0
CUST100827,50.0,Male,16,37.55,521.86,1,5,Month-to-Month,UPI,111.12,30134.35,North,0
CUST100828,49.0,Female,14,62.45,959.0,1,4,One Year,UPI,65.78,65064.78,East,0
CUST100829,49.0,Female,14,76.62,923.26,2,4,Two Year,Debit Card,80.76,52049.56,South,0
CUST100830,,Male,35,86.05,2960.42,2,4,Month-to-Month,UPI,23.66,35193.03,North,0
CUST100831,43.0,Female,18,87.07,1586.4,1,2,Month-to-Month,UPI,35.97,38486.59,North,1
CUST100832,43.0,Male,16,65.94,1046.41,3,4,One Year,Net Banking,101.24,132774.31,East,0
CUST100833,32.0,Male,21,94.28,2078.91,3,3,One Year,Debit Card,38.02,69824.26,South,0
CUST100834,35.0,Female,23,84.33,1928.59,2,5,Month-to-Month,UPI,81.98,54466.77,East,0
CUST100835,43.0,Other,7,97.78,775.18,0,5,Month-to-Month,UPI,34.36,38640.45,North,1
CUST100836,43.0,Female,11,64.9,782.17,0,4,Two Year,UPI,52.81,74323.38,East,0
CUST100837,37.0,Female,18,86.08,1493.43,2,4,Two Year,Credit Card,64.19,29834.43,South,0
CUST100838,35.0,Male,49,73.54,3503.67,3,2,Month-to-Month,Net Banking,65.43,58289.3,North,0
CUST100839,40.0,Male,69,78.68,5335.39,2,5,One Year,Debit Card,51.97,18562.31,East,0
CUST100840,39.0,Female,28,69.32,1846.8,2,3,Month-to-Month,Credit Card,70.21,57905.6,West,0
CUST100841,39.0,Female,10,67.6,694.18,2,3,Month-to-Month,Net Banking,30.87,34596.23,West,1
CUST100842,51.0,Male,21,84.6,1762.33,2,4,One Year,Debit Card,41.44,28342.93,West,0
CUST100843,,Male,17,80.05,1427.64,1,4,Two Year,Debit Card,77.63,25896.65,West,0
CUST100844,40.0,Female,13,,770.56,3,3,Two Year,Net Banking,80.67,40489.26,South,0
CUST100845,32.0,Female,23,116.64,2737.38,5,3,Month-to-Month,Credit Card,56.86,87960.88,East,0
CUST100846,40.0,Male,9,86.17,651.72,0,2,Month-to-Month,Net Banking,92.39,42431.63,East,0
CUST100847,41.0,Male,38,83.13,3334.03,1,3,One Year,Net Banking,113.99,75759.51,West,0
CUST100848,34.0,Male,15,85.45,1197.62,0,4,Month-to-Month,UPI,42.53,128661.98,West,0
CUST100849,40.0,Female,25,51.37,1328.09,2,2,Two Year,Net Banking,22.11,79245.3,West,0
CUST100850,46.0,Male,58,85.33,5048.84,3,4,One Year,UPI,54.12,117606.61,South,0
CUST100851,51.0,Female,70,69.61,4952.98,3,3,One Year,,129.83,118500.56,North,0
CUST100852,42.0,Male,72,103.98,7450.46,2,1,One Year,Net Banking,120.23,57130.88,North,0
CUST100853,50.0,Male,41,89.24,,3,4,Month-to-Month,Net Banking,57.3,22280.12,West,0
CUST100854,29.0,Male,60,98.58,5758.3,2,5,Month-to-Month,UPI,179.96,88488.39,North,0
CUST100855,,Female,34,65.89,2277.95,3,3,Month-to-Month,Credit Card,71.41,38170.15,North,0
CUST100856,31.0,Female,40,48.0,1828.01,3,4,One Year,UPI,106.38,53232.35,North,0
CUST100857,30.0,Male,6,51.39,319.17,1,3,Month-to-Month,Credit Card,70.05,56547.67,West,1
CUST100858,21.0,Male,20,80.83,1620.17,3,4,Month-to-Month,Debit Card,136.73,61777.85,East,0
CUST100859,24.0,Female,45,90.79,4173.6,0,4,Month-to-Month,Credit Card,213.09,36003.28,East,0
CUST100860,29.0,Male,48,70.04,3338.25,1,3,One Year,UPI,,159035.88,North,0
CUST100861,37.0,Other,4,70.5,237.34,3,4,Two Year,Debit Card,96.79,38535.12,North,0
CUST100862,20.0,Female,31,50.42,1569.79,3,3,Month-to-Month,Net Banking,38.68,36557.54,East,0
CUST100863,37.0,Female,28,80.31,2359.47,0,3,Month-to-Month,Credit Card,347.69,54521.17,South,0
CUST100864,27.0,Male,18,74.32,1177.62,0,3,Month-to-Month,Debit Card,47.75,61351.89,South,0
CUST100865,31.0,Male,30,59.97,1720.55,0,4,One Year,Debit Card,71.72,61571.92,South,0
CUST100866,44.0,Female,15,53.29,810.16,2,4,Month-to-Month,UPI,81.28,30946.85,West,0
CUST100867,44.0,Male,69,62.55,4338.36,0,2,Month-to-Month,Debit Card,34.35,119504.93,North,0
CUST100868,61.0,Female,69,73.41,5087.14,2,4,One Year,Net Banking,34.07,57749.27,East,0
CUST100869,49.0,Female,40,73.07,2711.46,1,1,Month-to-Month,Credit Card,21.4,42650.35,South,0
CUST100870,29.0,Female,37,104.41,4003.81,2,4,Two Year,Net Banking,95.35,59233.42,North,0
CUST100871,22.0,Male,11,83.46,1013.09,0,2,Month-to-Month,UPI,38.73,28960.19,West,0
CUST100872,48.0,Female,35,54.73,1949.97,1,2,One Year,Credit Card,36.37,23239.68,East,0
CUST100873,18.0,Male,58,107.7,6138.76,0,3,Month-to-Month,Credit Card,67.5,74724.94,North,0
CUST100874,,Male,5,77.15,482.26,2,3,Month-to-Month,Net Banking,43.37,113321.56,South,1
CUST100875,35.0,Other,37,,2969.2,1,2,One Year,Credit Card,56.97,18000.0,East,1
CUST100876,50.0,Male,21,32.46,717.4,0,4,Month-to-Month,UPI,96.81,86470.57,West,0
CUST100877,61.0,Female,12,88.99,1081.29,0,4,Month-to-Month,UPI,212.22,18972.3,West,0
CUST100878,51.0,Female,11,299.55884169122237,1038.3,0,3,One Year,UPI,53.06,61560.08,East,0
CUST100879,32.0,Female,66,69.67,4711.03,2,3,Month-to-Month,Debit Card,71.07,51342.79,North,0
CUST100880,41.0,Male,43,88.73,3892.16,1,2,Month-to-Month,Net Banking,93.19,24807.33,East,0
CUST100881,54.0,Female,20,62.35,1169.17,4,2,Two Year,UPI,79.73,54794.11,East,0
CUST100882,25.0,Female,6,79.98,509.13,2,3,One Year,Debit Card,27.81,22647.85,West,0
CUST100883,43.0,Female,22,46.8,1055.01,0,5,Month-to-Month,Debit Card,207.16,105605.41,East,0
CUST100884,26.0,Female,8,66.16,604.08,5,3,Month-to-Month,Debit Card,182.49,82092.63,North,0
CUST100885,46.0,Female,25,61.82,,1,3,One Year,UPI,140.9,31657.98,North,0
CUST100886,39.0,Male,38,67.57,2600.59,3,2,Month-to-Month,UPI,70.08,53464.47,South,0
CUST100887,,Female,66,66.8,4294.58,3,2,One Year,UPI,35.37,28441.88,North,0
CUST100888,50.0,Female,27,39.07,1124.34,1,4,Month-to-Month,UPI,73.58,50960.8,North,0
CUST100889,32.0,Female,24,64.98,1710.63,1,4,Month-to-Month,UPI,63.29,,East,0
CUST100890,31.0,Male,21,85.49,1718.46,2,3,Month-to-Month,Debit Card,127.5,34463.81,North,0
CUST100891,46.0,Male,22,73.55,1692.21,1,3,Month-to-Month,Net Banking,22.47,47430.06,West,1
CUST100892,41.0,Male,47,114.72,5329.55,2,2,Month-to-Month,Debit Card,58.73,82211.17,East,0
CUST100893,23.0,Male,43,89.3,3759.06,3,3,Month-to-Month,UPI,49.64,,South,1
CUST100894,52.0,Male,20,60.83,1171.94,0,3,Month-to-Month,Credit Card,42.64,114951.28,West,0
CUST100895,47.0,Female,27,47.4,1004.58,0,4,Month-to-Month,Debit Card,63.02,84495.19,North,0
CUST100896,47.0,Female,29,67.49,,1,3,Month-to-Month,Debit Card,75.15,48553.04,East,0
CUST100897,48.0,Female,35,71.27,2499.17,4,4,Month-to-Month,Debit Card,42.54,25630.72,North,0
CUST100898,43.0,Male,25,65.18,1664.51,2,2,Month-to-Month,UPI,58.89,46762.37,East,0
CUST100899,47.0,Male,17,80.01,1254.96,1,4,Month-to-Month,UPI,28.09,72932.14,East,0
CUST100900,41.0,Female,17,35.23,663.41,6,4,One Year,Net Banking,52.53,50681.53,North,0
CUST100901,40.0,Female,12,75.49,809.88,1,4,One Year,UPI,90.56,30779.93,West,0
CUST100902,39.0,Female,13,94.99,1278.84,1,4,Month-to-Month,Debit Card,52.06,40152.15,South,0
CUST100903,33.0,Male,26,59.45,1458.4,1,4,Two Year,UPI,35.25,23200.83,South,0
CUST100904,30.0,Male,38,95.33,3538.51,3,3,One Year,Credit Card,71.05,21548.16,North,0
CUST100905,41.0,Male,11,76.17,921.78,1,2,One Year,UPI,56.83,27104.35,South,0
CUST100906,37.0,Female,43,94.19,3843.74,0,3,Month-to-Month,Credit Card,20.46,25047.54,West,0
CUST100907,47.0,Male,17,98.11,,3,3,Two Year,UPI,33.48,73524.41,South,0
CUST100908,51.0,Male,9,37.34,327.24,3,3,Month-to-Month,UPI,38.65,73568.63,West,0
CUST100909,34.0,Male,36,99.76,3651.7,4,4,One Year,Debit Card,72.91,48132.96,North,0
CUST100910,60.0,Female,40,44.06,1617.66,4,3,Month-to-Month,Net Banking,42.62,48427.2,North,0
CUST100911,48.0,Male,23,50.79,1136.32,4,4,Month-to-Month,Debit Card,47.59,110508.49,West,0
CUST100912,60.0,Female,30,100.47,2949.29,4,3,One Year,Credit Card,193.76,172557.4,West,0
CUST100913,18.0,Male,19,67.0,1170.82,5,5,Month-to-Month,UPI,27.54,81949.86,East,0
CUST100914,26.0,Male,36,76.83,2788.93,2,4,Month-to-Month,UPI,34.6,67811.67,West,0
CUST100915,43.0,Male,8,55.89,464.06,1,3,Month-to-Month,UPI,70.86,53951.74,East,0
CUST100916,35.0,Other,25,76.71,1994.45,1,3,One Year,Debit Card,289.12,32839.67,South,0
CUST100917,,Female,15,79.23,1130.8,0,5,Month-to-Month,Credit Card,90.32,49005.17,South,0
CUST100918,36.0,Male,72,73.08,5213.26,1,3,One Year,UPI,98.94,21568.81,North,0
CUST100919,37.0,Female,8,60.28,443.89,2,4,Two Year,Debit Card,61.9,60647.49,West,0
CUST100920,40.0,Female,4,82.59,223.09,2,4,Two Year,Debit Card,56.82,40936.48,South,0
CUST100921,31.0,Female,23,54.11,1221.23,4,5,Two Year,Credit Card,136.0,59826.87,East,0
CUST100922,41.0,Male,42,78.64,3327.34,1,2,Month-to-Month,Credit Card,86.44,34189.22,West,0
CUST100923,43.0,Female,70,84.76,5798.46,2,2,One Year,Net Banking,97.85,72839.05,South,0
CUST100924,44.0,Female,32,89.45,2856.64,4,1,One Year,UPI,104.23,31899.71,East,1
CUST100925,25.0,Female,34,66.4,2175.65,1,3,Month-to-Month,Credit Card,104.31,29652.58,North,0
CUST100926,35.0,Male,70,81.13,5613.11,1,4,One Year,,108.74,42007.39,East,0
CUST100927,37.0,Male,29,75.21,2192.29,1,3,One Year,UPI,32.27,44383.9,East,0
CUST100928,52.0,Female,10,46.85,533.59,2,3,Month-to-Month,Debit Card,58.82,81191.28,North,0
CUST100929,25.0,Female,66,47.79,,2,3,One Year,Debit Card,75.51,48969.21,South,0
CUST100930,18.0,Female,13,79.62,1192.44,3,4,Month-to-Month,Credit Card,25.88,56388.59,South,0
CUST100931,18.0,Male,28,60.73,1737.23,1,3,One Year,Debit Card,52.99,46666.17,East,0
CUST100932,42.0,Male,15,65.4,1090.42,1,4,Month-to-Month,Net Banking,82.66,23426.57,East,0
CUST100933,40.0,Female,19,87.04,1464.76,1,3,Two Year,Net Banking,193.15,67065.55,West,0
CUST100934,53.0,Female,11,92.58,,1,3,Month-to-Month,UPI,58.33,48781.85,South,0
CUST100935,23.0,Male,8,70.08,559.61,1,4,One Year,Credit Card,62.53,30035.13,South,0
CUST100936,24.0,Male,12,29.56,257.65,2,4,Month-to-Month,Debit Card,30.59,18000.0,North,0
CUST100937,41.0,Male,72,60.87,4430.85,3,3,Two Year,Debit Card,49.37,47922.71,South,0
CUST100938,34.0,Female,19,58.06,972.36,5,3,Month-to-Month,UPI,56.15,87916.44,South,0
CUST100939,66.0,Male,20,95.95,1831.63,4,5,One Year,Net Banking,135.35,30732.67,West,0
CUST100940,43.0,Female,26,28.38,807.47,1,3,One Year,UPI,115.42,68837.51,West,0
CUST100941,41.0,Male,19,91.19,1607.5,1,3,Month-to-Month,UPI,102.98,45808.63,East,0
CUST100942,50.0,Female,41,52.16,2148.45,3,3,Month-to-Month,Debit Card,141.64,32995.62,West,0
CUST100943,47.0,Female,7,58.05,336.2,5,4,Two Year,Debit Card,29.76,55270.43,West,0
CUST100944,31.0,Female,39,70.61,2779.3,6,5,One Year,Debit Card,106.67,61049.55,North,0
CUST100945,21.0,Male,15,56.84,812.92,1,4,Month-to-Month,Credit Card,144.78,45605.81,West,0
CUST100946,59.0,Female,5,89.89,458.4,2,4,Month-to-Month,UPI,102.61,58869.13,South,1
CUST100947,38.0,Male,21,80.43,1739.86,4,5,Month-to-Month,Credit Card,78.97,30996.34,North,0
CUST100948,20.0,Male,20,70.7,1372.88,2,2,Month-to-Month,Debit Card,52.84,,North,0
CUST100949,23.0,Male,17,20.0,188.12,1,4,Two Year,UPI,60.59,36883.11,South,0
CUST100950,28.0,Male,9,80.02,804.18,0,5,One Year,Credit Card,144.31,47871.99,West,0
CUST100951,52.0,Male,9,58.8,639.74,0,3,Month-to-Month,Credit Card,,56561.9,North,0
CUST100952,18.0,Female,14,91.01,1417.04,2,3,Month-to-Month,Net Banking,42.54,50603.87,North,0
CUST100953,46.0,Female,28,68.58,1986.62,0,3,Month-to-Month,UPI,88.32,81086.87,East,0
CUST100954,54.0,Male,7,44.58,366.26,2,5,Month-to-Month,Credit Card,44.12,36967.91,North,0
CUST100955,48.0,Male,23,61.83,1298.95,2,4,Month-to-Month,Credit Card,69.29,39440.8,North,0
CUST100956,75.0,Male,56,79.87,4294.57,6,2,Month-to-Month,Debit Card,39.56,26583.6,North,0
CUST100957,,Male,40,79.45,3148.43,1,4,Month-to-Month,Net Banking,146.61,23099.6,West,0
CUST100958,37.0,Male,13,65.68,858.73,2,4,Month-to-Month,UPI,56.32,80379.14,West,0
CUST100959,20.0,Female,45,72.39,3241.45,1,5,Month-to-Month,Debit Card,143.13,18000.0,South,0
CUST100960,24.0,Male,19,85.21,1602.76,2,2,Month-to-Month,Credit Card,74.43,68612.21,East,0
CUST100961,21.0,Female,10,114.48,1280.56,2,4,Month-to-Month,UPI,29.37,31405.18,North,0
CUST100962,44.0,Male,4,51.8,104.39,2,4,Month-to-Month,UPI,84.13,46884.18,West,0
CUST100963,32.0,Male,9,33.02,286.69,3,2,Two Year,UPI,104.19,39389.35,South,0
CUST100964,22.0,Female,13,77.48,954.12,3,5,One Year,Debit Card,46.06,35803.18,North,0
CUST100965,49.0,Female,28,57.43,1593.25,0,4,Month-to-Month,Net Banking,192.27,37533.11,North,0
CUST100966,35.0,Female,5,101.32,546.55,1,3,One Year,Debit Card,87.19,32901.61,West,0
CUST100967,44.0,Male,1,94.49,49.6,4,3,Month-to-Month,Net Banking,25.26,43319.35,North,0
CUST100968,40.0,Male,72,73.6,5301.89,2,4,One Year,Credit Card,153.51,65860.57,West,0
CUST100969,25.0,Female,18,80.16,1420.26,3,4,One Year,Net Banking,47.5,73288.77,North,0
CUST100970,34.0,Male,49,49.01,2339.17,3,3,Month-to-Month,Debit Card,50.5,65697.6,East,0
CUST100971,31.0,Female,10,72.13,712.67,2,1,One Year,UPI,62.58,40488.37,East,1
CUST100972,51.0,Female,16,61.81,1145.55,3,2,One Year,Debit Card,41.93,45572.3,East,1
CUST100973,23.0,Female,50,123.96,6300.92,0,4,One Year,UPI,171.52,25665.01,North,0
CUST100974,43.0,Female,26,53.83,1394.96,0,4,Month-to-Month,Credit Card,16.64,94714.86,South,0
CUST100975,40.0,Male,72,82.71,5984.6,4,2,Month-to-Month,UPI,49.82,28075.65,South,0
CUST100976,44.0,Female,14,77.87,1040.96,3,3,Two Year,UPI,45.99,23340.21,West,1
CUST100977,47.0,Male,12,20.0,111.01,3,4,Two Year,Credit Card,132.59,61640.77,North,0
CUST100978,36.0,Male,59,71.46,4241.62,2,4,Month-to-Month,UPI,45.01,61888.5,South,0
CUST100979,33.0,Female,11,73.3,724.73,1,1,Two Year,,52.52,33306.44,North,0
CUST100980,24.0,Female,12,104.59,1266.8,1,4,Month-to-Month,UPI,59.15,,East,0
CUST100981,54.0,Male,59,54.58,3162.07,3,4,One Year,UPI,24.44,97128.84,South,0
CUST100982,45.0,Male,55,104.26,5631.58,2,5,Month-to-Month,UPI,89.32,68775.01,South,0
CUST100983,45.0,Female,58,78.61,4497.32,1,3,Month-to-Month,Credit Card,64.65,34254.93,East,0
CUST100984,34.0,Male,22,94.02,2154.8,3,3,One Year,Credit Card,113.39,96757.75,West,0
CUST100985,45.0,Female,26,69.96,1907.27,1,3,Month-to-Month,Credit Card,116.66,39885.54,North,0
CUST100986,38.0,Female,33,79.16,2663.57,0,4,Month-to-Month,UPI,100.96,40027.89,West,0
CUST100987,41.0,Male,23,85.69,2052.18,1,5,Month-to-Month,UPI,125.81,101574.98,West,0
CUST100988,43.0,Male,7,50.52,329.38,1,4,Month-to-Month,,48.88,36020.45,East,0
CUST100989,31.0,Female,28,76.66,2138.22,2,4,Month-to-Month,Net Banking,24.14,35733.53,East,0
CUST100990,32.0,Male,28,54.01,1546.52,2,5,One Year,UPI,348.77,51964.21,West,0
CUST100991,40.0,Male,5,105.44,465.94,4,5,One Year,UPI,22.51,88960.64,West,0
CUST100992,56.0,Female,32,43.51,1429.04,1,3,Month-to-Month,UPI,51.02,47237.25,North,0
CUST100993,43.0,Male,18,114.19,2083.09,1,4,Month-to-Month,UPI,105.95,31260.36,North,0
CUST100994,42.0,Female,30,61.7,1855.14,2,4,One Year,UPI,,54905.92,West,0
CUST100995,62.0,Male,29,42.76,1184.55,2,3,Month-to-Month,Credit Card,57.87,51869.8,North,0
CUST100996,30.0,Male,15,77.53,1211.87,0,3,Month-to-Month,UPI,160.95,,North,0
CUST100997,38.0,Female,3,34.69,83.11,2,3,Month-to-Month,Debit Card,92.0,18400.35,South,0
CUST100998,51.0,,15,70.65,949.68,4,1,One Year,Debit Card,51.16,86470.06,South,1
CUST100999,50.0,Female,6,83.71,495.98,1,3,Month-to-Month,Net Banking,71.08,276803.45,East,1
CUST101000,47.0,Female,72,49.33,3624.26,2,4,One Year,UPI,95.83,35368.16,South,0
CUST101001,52.0,Male,13,49.56,522.06,3,5,Two Year,Net Banking,,24650.26,North,0
CUST101002,33.0,Female,39,85.85,3492.97,4,5,Month-to-Month,Credit Card,193.03,34331.63,East,0
CUST101003,26.0,Male,24,56.19,1303.63,4,3,Month-to-Month,Debit Card,106.22,76819.03,South,0
CUST101004,22.0,Female,31,,3683.31,1,4,Two Year,Credit Card,52.1,60755.55,East,0
CUST101005,44.0,Female,28,86.74,2366.85,2,3,Month-to-Month,Credit Card,52.12,40769.47,North,0
CUST101006,23.0,Female,6,43.1,133.55,3,2,One Year,Credit Card,37.76,40881.81,North,0
CUST101007,35.0,Female,7,76.42,513.52,2,2,Month-to-Month,UPI,78.11,45518.63,East,0
CUST101008,27.0,Male,37,76.75,2830.73,2,3,Month-to-Month,Credit Card,118.18,37674.76,North,0
CUST101009,27.0,Male,31,41.46,1248.07,1,3,Month-to-Month,UPI,105.56,43746.52,West,0
CUST101010,39.0,Female,17,67.58,1310.24,1,4,One Year,UPI,63.78,42584.86,North,0
CUST101011,33.0,Female,16,74.37,1144.41,7,3,One Year,Debit Card,24.69,81546.48,East,0
CUST101012,,Female,12,83.99,1126.33,2,4,Month-to-Month,Debit Card,58.39,75350.43,North,0
CUST101013,45.0,Female,14,45.55,661.6,1,4,Month-to-Month,Net Banking,84.45,39418.59,East,0
CUST101014,24.0,Female,5,85.88,338.22,1,3,Month-to-Month,UPI,33.25,50629.52,East,0
CUST101015,40.0,Female,2,45.41,20.0,3,3,Month-to-Month,UPI,260.5,47357.55,South,0
CUST101016,22.0,Male,22,88.06,1803.38,2,4,Two Year,Debit Card,108.49,27288.28,West,0
CUST101017,51.0,Female,27,64.13,1791.11,1,5,Two Year,UPI,163.84,47710.47,West,1
CUST101018,58.0,Female,2,100.62,155.37,1,5,Month-to-Month,Net Banking,50.94,72772.01,East,0
CUST101019,39.0,Female,22,69.78,1639.03,1,3,Month-to-Month,Debit Card,57.89,45131.44,West,0
CUST101020,55.0,Male,7,49.83,380.67,5,4,Month-to-Month,Credit Card,28.49,45985.44,South,0
CUST101021,50.0,Female,66,62.46,4001.47,1,4,Month-to-Month,Credit Card,,36929.76,South,0
CUST101022,18.0,Female,10,59.84,631.83,1,5,Month-to-Month,Debit Card,51.72,38928.12,East,0
CUST101023,40.0,Male,9,64.67,606.37,1,3,Month-to-Month,UPI,63.46,49528.3,West,0
CUST101024,31.0,Male,15,85.06,1349.21,0,4,One Year,Debit Card,132.82,87272.31,South,1
CUST101025,38.0,Female,56,55.59,3208.12,2,3,Month-to-Month,Debit Card,163.09,58330.64,West,0
CUST101026,34.0,Male,36,88.63,3128.27,1,3,Month-to-Month,UPI,69.6,49167.38,West,1
CUST101027,29.0,Male,55,44.62,2376.37,2,3,Two Year,Debit Card,70.08,40926.61,West,0
CUST101028,36.0,Male,29,67.82,1935.18,3,3,One Year,UPI,68.96,27085.71,South,0
CUST101029,28.0,Female,23,71.72,1631.11,0,4,Two Year,UPI,54.66,22678.83,East,0
CUST101030,24.0,Female,18,85.68,1499.55,0,3,Month-to-Month,Net Banking,31.42,43236.24,North,0
CUST101031,41.0,Male,19,87.22,1680.98,2,2,One Year,UPI,93.0,53993.28,North,1
CUST101032,23.0,Male,14,70.76,,0,4,Two Year,UPI,31.02,27674.68,North,0
CUST101033,31.0,Female,42,,4031.87,2,4,Two Year,UPI,77.14,30103.0,South,0
CUST101034,21.0,Male,7,73.77,456.51,2,2,Month-to-Month,Net Banking,134.87,74598.23,North,0
CUST101035,24.0,Female,18,88.57,1520.85,4,2,Month-to-Month,,9.3,99421.75,West,1
CUST101036,46.0,Female,43,86.55,3674.9,2,3,Two Year,UPI,94.42,47376.35,South,0
CUST101037,32.0,Female,17,100.19,1768.31,2,4,One Year,UPI,40.48,43891.35,South,0
CUST101038,47.0,Male,24,50.15,1312.73,1,3,Month-to-Month,Credit Card,103.35,55384.43,South,0
CUST101039,31.0,Female,15,95.67,1566.26,4,1,Month-to-Month,Net Banking,50.07,46964.08,West,1
CUST101040,19.0,Female,31,62.85,1811.75,1,4,Month-to-Month,UPI,33.39,39708.27,South,1
CUST101041,59.0,Female,1,62.84,20.0,4,3,Month-to-Month,Net Banking,28.17,30044.72,South,0
CUST101042,55.0,Male,64,96.31,6167.86,4,2,Month-to-Month,Debit Card,89.15,84928.3,West,1
CUST101043,51.0,Male,15,28.47,379.61,2,4,One Year,Net Banking,94.99,65298.58,South,0
CUST101044,53.0,Female,18,60.82,1183.31,1,4,Two Year,UPI,114.83,56064.73,West,0
CUST101045,33.0,Male,40,88.62,3522.9,2,4,Two Year,Credit Card,231.27,97100.41,North,0
CUST101046,20.0,Male,18,65.25,1054.06,0,4,Month-to-Month,UPI,66.59,28640.14,North,1
CUST101047,35.0,Female,61,49.43,2884.47,3,3,One Year,Credit Card,45.4,47789.52,East,0
CUST101048,49.0,Male,8,64.19,473.03,3,5,Month-to-Month,Net Banking,148.09,45539.06,North,0
CUST101049,24.0,Female,34,72.96,2420.92,2,5,Two Year,UPI,154.77,57567.01,West,0
CUST101050,50.0,Male,33,96.29,3076.97,2,4,One Year,UPI,83.55,33856.43,West,0
CUST101051,40.0,Female,53,85.0,4499.26,4,5,Month-to-Month,Credit Card,33.04,48289.39,South,0
CUST101052,48.0,Female,48,81.64,3978.54,1,4,Month-to-Month,UPI,183.42,35476.29,South,0
CUST101053,19.0,Male,12,82.42,1086.58,2,4,Two Year,Net Banking,29.31,37654.0,East,0
CUST101054,38.0,Other,45,109.18,4817.94,1,3,Two Year,UPI,58.28,67122.93,North,0
CUST101055,39.0,Male,50,64.57,3173.76,0,2,Month-to-Month,Net Banking,74.0,84340.77,West,0
CUST101056,46.0,Female,17,84.44,1480.82,1,3,Month-to-Month,Net Banking,17.87,27991.67,South,0
CUST101057,35.0,Male,72,35.44,2490.04,0,2,One Year,Credit Card,89.25,107567.55,East,0
CUST101058,42.0,Female,17,35.84,692.62,5,5,One Year,UPI,77.75,121151.98,North,0
CUST101059,19.0,Female,51,78.75,4266.49,1,3,One Year,UPI,71.89,78590.73,East,0
CUST101060,43.0,Male,8,97.98,694.27,1,1,Month-to-Month,Net Banking,87.59,24306.4,East,0
CUST101061,35.0,Female,25,53.93,1566.07,2,4,Month-to-Month,Debit Card,46.04,70362.44,East,0
CUST101062,45.0,Male,25,89.56,2094.09,1,4,One Year,Credit Card,64.86,46946.88,West,0
CUST101063,49.0,Female,27,84.85,2360.64,2,3,One Year,UPI,46.31,31064.08,South,1
CUST101064,42.0,Female,14,89.36,1275.51,3,2,Month-to-Month,UPI,37.7,53535.21,North,0
CUST101065,18.0,Female,44,64.46,2746.74,1,4,One Year,UPI,104.14,62588.7,South,0
CUST101066,50.0,Male,25,97.35,2391.11,5,2,One Year,Net Banking,68.19,37884.07,East,0
CUST101067,53.0,Male,58,50.78,,5,4,One Year,UPI,74.22,27549.42,North,0
CUST101068,61.0,Female,62,90.99,5551.35,6,4,Month-to-Month,Credit Card,29.98,105170.27,West,0
CUST101069,43.0,Female,41,95.02,3962.69,5,3,Month-to-Month,Net Banking,133.69,29680.71,South,0
CUST101070,50.0,Male,34,69.75,2432.77,1,2,Month-to-Month,UPI,129.91,34007.63,North,0
CUST101071,46.0,Female,10,80.03,822.91,1,4,One Year,UPI,164.08,59599.46,East,0
CUST101072,25.0,Male,14,63.62,1108.56,1,3,Month-to-Month,Credit Card,118.93,26211.6,South,0
CUST101073,44.0,Female,22,69.97,1551.9,2,5,Month-to-Month,UPI,42.52,20216.26,West,0
CUST101074,18.0,Female,72,85.63,6034.75,3,4,Month-to-Month,UPI,124.53,31783.29,North,0
CUST101075,31.0,Female,21,71.56,1504.5,0,4,One Year,UPI,60.49,,West,0
CUST101076,44.0,Male,60,20.0,1319.91,5,4,Two Year,UPI,119.71,65518.91,South,0
CUST101077,47.0,Male,8,100.56,,0,3,One Year,Debit Card,68.48,38423.09,South,0
CUST101078,39.0,Female,6,20.0,193.25,3,3,Month-to-Month,Credit Card,153.94,67534.01,West,0
CUST101079,42.0,Female,6,73.14,583.2,3,4,One Year,UPI,45.75,,South,0
CUST101080,37.0,Male,13,96.44,1332.19,3,4,One Year,Debit Card,30.25,75021.23,South,0
CUST101081,38.0,Female,49,71.79,3584.75,4,3,Two Year,UPI,75.21,53558.83,West,0
CUST101082,48.0,Male,19,76.09,1434.04,0,4,Two Year,Debit Card,79.67,42445.41,North,0
CUST101083,51.0,Male,31,102.54,,2,5,Month-to-Month,UPI,16.39,36155.53,East,0
CUST101084,54.0,Male,3,93.87,115.75,3,5,Two Year,Credit Card,34.01,92223.29,North,0
CUST101085,35.0,Female,41,77.27,3085.94,1,4,Month-to-Month,UPI,77.03,46400.68,North,0
CUST101086,37.0,Female,6,24.7,250.52,3,2,Two Year,Net Banking,70.32,179559.18,East,0
CUST101087,57.0,Male,44,102.24,4324.7,1,4,Month-to-Month,UPI,130.96,59316.54,West,0
CUST101088,48.0,,34,64.64,2177.37,2,4,Two Year,Net Banking,55.12,75288.27,West,0
CUST101089,37.0,Female,28,53.27,1426.5,1,3,Month-to-Month,UPI,56.28,66534.08,West,0
CUST101090,52.0,Female,28,74.92,2036.11,1,3,Month-to-Month,Net Banking,55.32,56778.47,North,0
CUST101091,54.0,Female,20,67.49,1294.16,7,4,One Year,UPI,114.97,28158.9,West,0
CUST101092,54.0,Female,34,55.1,,1,5,Month-to-Month,,60.14,24991.92,North,0
CUST101093,46.0,Male,10,65.31,700.33,5,3,Month-to-Month,UPI,,24150.56,South,1
CUST101094,,Female,58,20.0,1165.62,3,4,Month-to-Month,Debit Card,26.94,119486.66,East,0
CUST101095,42.0,Female,26,108.25,2876.8,0,5,Month-to-Month,Net Banking,89.95,66317.25,North,0
CUST101096,44.0,Female,22,168.6656254127335,1459.33,1,2,Month-to-Month,UPI,20.38,125897.69,South,0
CUST101097,29.0,Female,28,52.16,1321.62,2,5,Month-to-Month,Credit Card,81.04,38467.82,North,0
CUST101098,33.0,Male,59,41.71,2430.9,1,4,Month-to-Month,UPI,,26191.6,West,0
CUST101099,41.0,Male,40,112.69,4408.59,3,5,Month-to-Month,Net Banking,31.4,41304.2,South,0
CUST101100,46.0,Male,16,43.17,545.77,2,4,Month-to-Month,Net Banking,13.94,74637.2,East,0
CUST101101,18.0,Male,28,82.85,2407.01,4,3,Month-to-Month,Credit Card,100.38,66554.51,North,0
CUST101102,34.0,Female,21,91.41,1975.8,3,5,One Year,Credit Card,253.98170191761224,31820.38,North,0
CUST101103,19.0,Male,10,47.33,413.42,3,2,Two Year,UPI,93.3,52108.75,East,0
CUST101104,40.0,Male,13,61.55,706.25,0,2,Month-to-Month,,50.62,31856.0,East,0
CUST101105,23.0,Male,20,26.81,522.19,4,3,Month-to-Month,Credit Card,47.82,58806.11,North,0
CUST101106,23.0,Female,30,81.26,2410.66,1,4,Month-to-Month,Net Banking,113.12,97010.31,North,0
CUST101107,58.0,Male,8,75.25,620.62,1,5,Month-to-Month,UPI,76.29,41785.88,East,0
CUST101108,42.0,Female,39,100.8,3888.6,0,4,Two Year,Debit Card,17.65,46776.2,North,0
CUST101109,61.0,Female,21,48.42,1054.87,3,2,Month-to-Month,UPI,41.9,85829.23,South,0
CUST101110,29.0,Male,44,57.74,2560.93,5,4,Month-to-Month,UPI,45.61,139708.88,East,0
CUST101111,48.0,Male,57,106.53,,4,4,Month-to-Month,UPI,103.06,40844.98,South,0
CUST101112,45.0,Female,10,48.84,558.63,4,4,One Year,Credit Card,28.56,67776.14,West,0
CUST101113,34.0,Male,28,23.52,785.66,0,4,Month-to-Month,Debit Card,37.86,44163.34,South,0
CUST101114,32.0,Male,24,20.0,347.65,2,3,Month-to-Month,Credit Card,66.51,63774.13,East,0
CUST101115,37.0,Male,23,71.31,1672.52,2,5,One Year,UPI,171.79,39262.96,West,0
CUST101116,32.0,Male,20,77.1,1557.84,2,4,One Year,Net Banking,83.12,69361.02,North,0
CUST101117,18.0,Female,16,44.33,595.35,4,1,Month-to-Month,Net Banking,49.8,,South,0
CUST101118,35.0,Male,23,65.57,1392.85,1,3,Month-to-Month,Net Banking,68.98,65924.63,East,0
CUST101119,53.0,Female,19,58.14,910.53,3,3,Two Year,Credit Card,69.89,23945.44,South,0
CUST101120,18.0,Male,15,59.85,989.1,5,3,Two Year,Net Banking,136.65,18000.0,South,0
CUST101121,45.0,Male,41,73.89,2936.58,5,3,Month-to-Month,Debit Card,89.3,29680.52,South,0
CUST101122,43.0,Male,31,,1127.96,2,2,Two Year,UPI,66.61,63962.1,East,0
CUST101123,,Male,21,72.36,1469.2,3,3,One Year,Debit Card,178.4,45218.35,North,0
CUST101124,49.0,Male,33,57.47,1738.15,3,2,Month-to-Month,Debit Card,84.08,85190.01,North,0
CUST101125,43.0,Female,9,20.0,226.57,2,3,Month-to-Month,UPI,73.96,52077.08,East,0
CUST101126,42.0,Male,72,40.31,2949.75,4,3,Month-to-Month,Net Banking,122.43,40997.66,North,0
CUST101127,28.0,Male,12,61.56,701.7,1,3,Two Year,Debit Card,111.29,36667.11,East,0
CUST101128,51.0,Female,12,74.53,945.2,3,2,Month-to-Month,Debit Card,117.73,55215.15,North,0
CUST101129,32.0,Female,24,98.83,2371.22,1,3,One Year,Credit Card,36.84,54666.03,North,0
CUST101130,59.0,Male,15,34.33,,0,1,One Year,Net Banking,122.11,35362.59,South,0
CUST101131,27.0,Female,3,55.9,108.6,1,3,Month-to-Month,UPI,78.84,85995.86,North,0
CUST101132,54.0,Female,4,86.85,375.3,4,5,Two Year,Credit Card,60.19,98122.86,South,0
CUST101133,59.0,Male,31,64.43,1946.72,2,3,One Year,UPI,51.1,54735.03,North,0
CUST101134,35.0,Male,14,59.64,742.68,1,4,Month-to-Month,Debit Card,55.6,63263.1,East,0
CUST101135,18.0,Female,43,89.67,3883.13,0,4,One Year,Debit Card,55.84,57126.57,West,0
CUST101136,42.0,Female,26,66.35,1630.57,0,2,Month-to-Month,Credit Card,64.3,38602.86,South,0
CUST101137,44.0,Male,8,95.64,837.1,0,3,One Year,Net Banking,173.61,32620.26,East,0
CUST101138,47.0,Male,12,53.71,580.12,1,4,One Year,UPI,84.84,75749.6,South,0
CUST101139,26.0,Male,43,91.87,4014.8,1,2,Month-to-Month,UPI,58.89,60003.83,East,0
CUST101140,60.0,Male,20,65.09,1249.46,0,5,One Year,Credit Card,27.24,26843.7,East,0
CUST101141,32.0,Female,2,85.1,177.78,5,2,Month-to-Month,Debit Card,47.95,90795.6,North,0
CUST101142,38.0,Female,35,90.59,3203.91,0,2,Month-to-Month,Net Banking,125.55,46517.04,South,1
CUST101143,42.0,Male,46,72.32,3332.95,2,4,Month-to-Month,,43.93,81704.3,North,0
CUST101144,26.0,Female,33,44.71,1388.69,3,4,One Year,UPI,88.93,67704.04,South,0
CUST101145,31.0,Female,10,113.85,1166.13,1,2,Month-to-Month,UPI,118.63,51435.81,North,1
CUST101146,37.0,Male,10,57.77,627.09,1,1,Two Year,UPI,94.25,55273.27,West,0
CUST101147,41.0,Female,16,40.96,783.69,4,4,Two Year,Debit Card,55.23,38703.47,West,0
CUST101148,39.0,Female,20,85.11,1668.55,2,2,One Year,Debit Card,28.51,39234.53,South,0
CUST101149,45.0,Male,12,79.06,922.09,1,2,One Year,UPI,20.73,30327.0,East,0
CUST101150,48.0,Female,7,54.74,503.58,2,2,Month-to-Month,Net Banking,79.01,60073.33,East,0
CUST101151,46.0,Female,4,73.82,191.12,0,4,Month-to-Month,Debit Card,89.86,33601.45,South,0
CUST101152,37.0,Male,13,44.42,478.15,0,4,Month-to-Month,UPI,65.78,23190.52,North,0
CUST101153,51.0,Female,42,73.97,3005.35,3,4,Month-to-Month,UPI,193.43,44529.42,North,0
CUST101154,51.0,Male,29,57.61,1756.27,1,3,Two Year,Net Banking,24.36,61265.45,East,0
CUST101155,53.0,Female,28,57.4,1509.41,4,4,Month-to-Month,UPI,138.92,36750.91,East,0
CUST101156,19.0,Male,3,35.78,268.81,5,3,Month-to-Month,Debit Card,33.12,24416.89,South,0
CUST101157,55.0,Female,20,73.48,1499.3,1,3,Month-to-Month,Net Banking,96.48,26686.69,West,0
CUST101158,25.0,Female,4,35.88,224.21,1,4,One Year,Debit Card,122.96,48205.74,North,0
CUST101159,30.0,Male,9,33.33,377.59,2,2,Month-to-Month,Debit Card,57.55,40181.41,East,0
CUST101160,40.0,Female,11,54.9,594.6,3,5,Two Year,Debit Card,71.76,20024.8,South,0
CUST101161,27.0,Male,2,78.92,148.73,2,3,Two Year,Credit Card,68.44,34039.63,West,0
CUST101162,47.0,Female,29,98.64,2806.07,4,5,Month-to-Month,UPI,83.78,32575.04,West,0
CUST101163,29.0,Male,30,22.47,629.94,3,5,Month-to-Month,Net Banking,37.79,53135.36,North,0
CUST101164,,Female,38,49.49,1909.13,1,3,Month-to-Month,Net Banking,107.15,28139.85,East,0
CUST101165,42.0,Male,3,86.09,205.99,2,2,Month-to-Month,Net Banking,43.36,61914.0,North,0
CUST101166,,Male,19,76.42,1465.17,3,4,Month-to-Month,Net Banking,113.91,35357.71,South,0
CUST101167,25.0,Female,18,,1521.7,2,4,Two Year,UPI,89.65,35150.85,East,0
CUST101168,33.0,Female,9,79.69,743.61,1,2,Month-to-Month,UPI,90.45,24942.76,West,0
CUST101169,43.0,,31,57.43,1658.06,1,3,Month-to-Month,Credit Card,67.76,45150.1,West,0
CUST101170,39.0,Female,18,85.71,1706.64,1,4,Two Year,UPI,73.84,26622.79,North,0
CUST101171,23.0,Male,16,70.28,1239.63,4,4,Month-to-Month,UPI,38.32,60329.24,North,0
CUST101172,51.0,Male,10,63.86,588.3,5,5,One Year,Credit Card,64.93,51862.98,North,0
CUST101173,40.0,Female,25,114.71,2901.75,1,3,Two Year,Credit Card,97.56,27161.05,East,0
CUST101174,21.0,Female,51,35.86,1825.88,0,4,Month-to-Month,UPI,122.35,44587.94,South,0
CUST101175,30.0,Female,28,93.22,2854.35,2,5,Month-to-Month,UPI,58.8,43655.26,South,0
CUST101176,67.0,Female,25,69.54,1834.76,3,5,Two Year,Debit Card,73.14,56395.39,East,0
CUST101177,66.0,Female,20,44.05,879.32,1,4,Month-to-Month,UPI,80.25,50813.22,North,0
CUST101178,45.0,Female,13,70.18,1052.06,3,3,Month-to-Month,UPI,87.07,52219.15,North,0
CUST101179,48.0,Female,9,123.48,1256.34,3,3,Month-to-Month,UPI,115.28,73685.59,North,1
CUST101180,27.0,Female,13,77.05,1241.43,1,5,Month-to-Month,Credit Card,53.07,44170.69,North,0
CUST101181,45.0,Female,20,84.3,1757.43,2,3,Month-to-Month,UPI,57.54,88407.5,East,0
CUST101182,35.0,Male,20,76.52,,2,3,One Year,Net Banking,48.42,39694.85,South,0
CUST101183,58.0,Female,18,58.79,1102.09,0,3,One Year,Debit Card,43.61,53136.28,East,0
CUST101184,,Female,25,261.2024716770686,1992.27,3,2,Month-to-Month,UPI,24.0,26720.19,North,0
CUST101185,33.0,Male,35,70.7,2444.96,1,3,Month-to-Month,UPI,117.77,45274.21,South,0
CUST101186,40.0,Male,41,92.26,3739.15,2,4,One Year,Net Banking,42.05,48430.42,North,0
CUST101187,18.0,Male,23,20.0,445.03,1,3,Two Year,Net Banking,44.84,39888.4,East,0
CUST101188,40.0,Female,18,67.12,1151.44,1,4,Two Year,UPI,124.35,65740.57,South,0
CUST101189,40.0,Female,28,66.8,1875.38,3,4,One Year,UPI,72.76,59291.86,West,1
CUST101190,44.0,Female,49,73.65,3632.21,3,4,Month-to-Month,Net Banking,40.95,81588.54,North,0
CUST101191,50.0,Female,35,,2813.97,3,1,One Year,UPI,58.12,62774.46,North,1
CUST101192,60.0,Male,2,40.69,64.55,1,3,Month-to-Month,,,44572.58,North,0
CUST101193,29.0,Male,53,62.74,3246.43,1,3,Month-to-Month,UPI,46.2,37497.3,North,0
CUST101194,18.0,,15,106.86,1570.77,1,4,Month-to-Month,UPI,27.14,23357.51,East,0
CUST101195,22.0,Female,14,48.98,696.9,3,2,One Year,UPI,48.02,18000.0,South,0
CUST101196,44.0,Female,21,103.21,,3,5,Month-to-Month,Debit Card,37.74,66394.79,East,0
CUST101197,39.0,Male,11,80.98,847.22,3,5,Month-to-Month,Debit Card,122.81,52116.54,North,0
CUST101198,51.0,Male,19,57.46,,1,3,One Year,Net Banking,148.86,27208.91,East,0
CUST101199,46.0,Male,4,72.18,161.63,2,4,Month-to-Month,Debit Card,155.66,67255.28,North,0
CUST100275,43.0,Female,25,66.78,1813.98,2,1,Month-to-Month,Net Banking,,31446.64,West,1
CUST100792,42.0,Male,10,92.84,894.01,3,4,One Year,UPI,58.62,48094.44,North,0
CUST100225,52.0,Female,14,93.56,1327.4,1,3,Month-to-Month,UPI,67.27,81503.65,West,1
CUST101001,52.0,Male,13,49.56,522.06,3,5,Two Year,Net Banking,,24650.26,North,0
CUST100787,47.0,Female,2,64.85,128.99,1,3,Month-to-Month,Net Banking,233.49,85948.51,North,0
CUST100224,46.0,Male,58,51.58,2958.65,3,3,Month-to-Month,Credit Card,55.89,68742.86,North,1
CUST100878,51.0,Female,11,299.55884169122237,1038.3,0,3,One Year,UPI,53.06,61560.08,East,0
CUST100296,21.0,Female,12,61.83,816.76,2,3,Month-to-Month,Credit Card,31.63,80636.51,East,0
